position,stacking_energy,impedance_gradient,deflection_dx,deflection_dy,Failure_Risk
331.0,-0.6,0.7999999999999999,0.3640576474687264,0.2645033635316129,1.3333333333333333
453.0,-0.6,0.7999999999999999,-0.1390576474687263,0.4279754323328191,1.3333333333333333
515.0,-0.6,0.7999999999999999,-0.45,5.51091059616309e-17,1.3333333333333333
861.0,-0.6,0.7999999999999999,0.3640576474687264,0.2645033635316129,1.3333333333333333
985.0,-0.6,0.7999999999999999,-0.45,5.51091059616309e-17,1.3333333333333333
1170.0,-0.6,0.7999999999999999,0.45,0.0,1.3333333333333333
1304.0,-0.6,0.7999999999999999,-0.3640576474687263,0.2645033635316129,1.3333333333333333
1434.0,-0.6,0.7999999999999999,-0.3640576474687263,0.2645033635316129,1.3333333333333333
1552.0,-0.6,0.7999999999999999,0.1390576474687263,0.4279754323328191,1.3333333333333333
1566.0,-0.6,0.7999999999999999,-0.3640576474687264,-0.2645033635316128,1.3333333333333333
1623.0,-0.6,0.7999999999999999,-0.1390576474687263,0.4279754323328191,1.3333333333333333
2132.0,-0.6,0.7999999999999999,0.1390576474687263,0.4279754323328191,1.3333333333333333
2242.0,-0.6,0.7999999999999999,0.1390576474687263,0.4279754323328191,1.3333333333333333
2277.0,-0.6,0.7999999999999999,-0.1390576474687264,-0.4279754323328191,1.3333333333333333
2750.0,-0.6,0.7999999999999999,0.45,0.0,1.3333333333333333
2909.0,-0.6,0.7999999999999999,0.3640576474687263,-0.264503363531613,1.3333333333333333
3117.0,-0.6,0.7999999999999999,-0.1390576474687264,-0.4279754323328191,1.3333333333333333
3256.0,-0.6,0.7999999999999999,-0.3640576474687264,-0.2645033635316128,1.3333333333333333
3553.0,-0.6,0.7999999999999999,-0.1390576474687263,0.4279754323328191,1.3333333333333333
3825.0,-0.6,0.7999999999999999,-0.45,5.51091059616309e-17,1.3333333333333333
4093.0,-0.6,0.7999999999999999,-0.1390576474687263,0.4279754323328191,1.3333333333333333
4676.0,-0.6,0.7999999999999999,-0.3640576474687264,-0.2645033635316128,1.3333333333333333
4879.0,-0.6,0.7999999999999999,0.3640576474687263,-0.264503363531613,1.3333333333333333
4906.0,-0.6,0.7999999999999999,-0.3640576474687264,-0.2645033635316128,1.3333333333333333
4946.0,-0.6,0.7999999999999999,-0.3640576474687264,-0.2645033635316128,1.3333333333333333
5250.0,-0.6,0.7999999999999999,0.45,0.0,1.3333333333333333
5325.0,-0.6,0.7999999999999999,-0.45,5.51091059616309e-17,1.3333333333333333
5991.0,-0.6,0.7999999999999999,0.3640576474687264,0.2645033635316129,1.3333333333333333
6139.0,-0.6,0.7999999999999999,0.3640576474687263,-0.264503363531613,1.3333333333333333
6265.0,-0.6,0.7999999999999999,-0.45,5.51091059616309e-17,1.3333333333333333
6421.0,-0.6,0.7999999999999999,0.3640576474687264,0.2645033635316129,1.3333333333333333
6635.0,-0.6,0.7999999999999999,-0.45,5.51091059616309e-17,1.3333333333333333
6728.0,-0.6,0.7999999999999999,0.1390576474687262,-0.4279754323328191,1.3333333333333333
6834.0,-0.6,0.7999999999999999,-0.3640576474687263,0.2645033635316129,1.3333333333333333
6852.0,-0.6,0.7999999999999999,0.1390576474687263,0.4279754323328191,1.3333333333333333
6931.0,-0.6,0.7999999999999999,0.3640576474687264,0.2645033635316129,1.3333333333333333
7305.0,-0.6,0.7999999999999999,-0.45,5.51091059616309e-17,1.3333333333333333
7336.0,-0.6,0.7999999999999999,-0.3640576474687264,-0.2645033635316128,1.3333333333333333
7345.0,-0.6,0.7999999999999999,-0.45,5.51091059616309e-17,1.3333333333333333
7349.0,-0.6,0.7999999999999999,0.3640576474687263,-0.264503363531613,1.3333333333333333
7502.0,-0.6,0.7999999999999999,0.1390576474687263,0.4279754323328191,1.3333333333333333
7582.0,-0.6,0.7999999999999999,0.1390576474687263,0.4279754323328191,1.3333333333333333
8021.0,-0.6,0.7999999999999999,0.3640576474687264,0.2645033635316129,1.3333333333333333
8149.0,-0.6,0.7999999999999999,0.3640576474687263,-0.264503363531613,1.3333333333333333
8244.0,-0.6,0.7999999999999999,-0.3640576474687263,0.2645033635316129,1.3333333333333333
8343.0,-0.6,0.7999999999999999,-0.1390576474687263,0.4279754323328191,1.3333333333333333
8477.0,-0.6,0.7999999999999999,-0.1390576474687264,-0.4279754323328191,1.3333333333333333
8517.0,-0.6,0.7999999999999999,-0.1390576474687264,-0.4279754323328191,1.3333333333333333
8607.0,-0.6,0.7999999999999999,-0.1390576474687264,-0.4279754323328191,1.3333333333333333
8655.0,-0.6,0.7999999999999999,-0.45,5.51091059616309e-17,1.3333333333333333
8673.0,-0.6,0.7999999999999999,-0.1390576474687263,0.4279754323328191,1.3333333333333333
8826.0,-0.6,0.7999999999999999,-0.3640576474687264,-0.2645033635316128,1.3333333333333333
9185.0,-0.6,0.7999999999999999,-0.45,5.51091059616309e-17,1.3333333333333333
9594.0,-0.6,0.7999999999999999,-0.3640576474687263,0.2645033635316129,1.3333333333333333
9644.0,-0.6,0.7999999999999999,-0.3640576474687263,0.2645033635316129,1.3333333333333333
10142.0,-0.6,0.7999999999999999,0.1390576474687263,0.4279754323328191,1.3333333333333333
10522.0,-0.6,0.7999999999999999,0.1390576474687263,0.4279754323328191,1.3333333333333333
10577.0,-0.6,0.7999999999999999,-0.1390576474687264,-0.4279754323328191,1.3333333333333333
11340.0,-0.6,0.7999999999999999,0.45,0.0,1.3333333333333333
11789.0,-0.6,0.7999999999999999,0.3640576474687263,-0.264503363531613,1.3333333333333333
11881.0,-0.6,0.7999999999999999,0.3640576474687264,0.2645033635316129,1.3333333333333333
11960.0,-0.6,0.7999999999999999,0.45,0.0,1.3333333333333333
12220.0,-0.6,0.7999999999999999,0.45,0.0,1.3333333333333333
12323.0,-0.6,0.7999999999999999,-0.1390576474687263,0.4279754323328191,1.3333333333333333
12340.0,-0.6,0.7999999999999999,0.45,0.0,1.3333333333333333
12404.0,-0.6,0.7999999999999999,-0.3640576474687263,0.2645033635316129,1.3333333333333333
12704.0,-0.6,0.7999999999999999,-0.3640576474687263,0.2645033635316129,1.3333333333333333
12768.0,-0.6,0.7999999999999999,0.1390576474687262,-0.4279754323328191,1.3333333333333333
12782.0,-0.6,0.7999999999999999,0.1390576474687263,0.4279754323328191,1.3333333333333333
13032.0,-0.6,0.7999999999999999,0.1390576474687263,0.4279754323328191,1.3333333333333333
13074.0,-0.6,0.7999999999999999,-0.3640576474687263,0.2645033635316129,1.3333333333333333
13188.0,-0.6,0.7999999999999999,0.1390576474687262,-0.4279754323328191,1.3333333333333333
13199.0,-0.6,0.7999999999999999,0.3640576474687263,-0.264503363531613,1.3333333333333333
13208.0,-0.6,0.7999999999999999,0.1390576474687262,-0.4279754323328191,1.3333333333333333
13265.0,-0.6,0.7999999999999999,-0.45,5.51091059616309e-17,1.3333333333333333
13354.0,-0.6,0.7999999999999999,-0.3640576474687263,0.2645033635316129,1.3333333333333333
13555.0,-0.6,0.7999999999999999,-0.45,5.51091059616309e-17,1.3333333333333333
13572.0,-0.6,0.7999999999999999,0.1390576474687263,0.4279754323328191,1.3333333333333333
13655.0,-0.6,0.7999999999999999,-0.45,5.51091059616309e-17,1.3333333333333333
13678.0,-0.6,0.7999999999999999,0.1390576474687262,-0.4279754323328191,1.3333333333333333
13776.0,-0.6,0.7999999999999999,-0.3640576474687264,-0.2645033635316128,1.3333333333333333
13909.0,-0.6,0.7999999999999999,0.3640576474687263,-0.264503363531613,1.3333333333333333
13931.0,-0.6,0.7999999999999999,0.3640576474687264,0.2645033635316129,1.3333333333333333
14008.0,-0.6,0.7999999999999999,0.1390576474687262,-0.4279754323328191,1.3333333333333333
14043.0,-0.6,0.7999999999999999,-0.1390576474687263,0.4279754323328191,1.3333333333333333
14228.0,-0.6,0.7999999999999999,0.1390576474687262,-0.4279754323328191,1.3333333333333333
14750.0,-0.6,0.7999999999999999,0.45,0.0,1.3333333333333333
15158.0,-0.6,0.7999999999999999,0.1390576474687262,-0.4279754323328191,1.3333333333333333
15172.0,-0.6,0.7999999999999999,0.1390576474687263,0.4279754323328191,1.3333333333333333
15194.0,-0.6,0.7999999999999999,-0.3640576474687263,0.2645033635316129,1.3333333333333333
15323.0,-0.6,0.7999999999999999,-0.1390576474687263,0.4279754323328191,1.3333333333333333
15780.0,-0.6,0.7999999999999999,0.45,0.0,1.3333333333333333
15985.0,-0.6,0.7999999999999999,-0.45,5.51091059616309e-17,1.3333333333333333
16026.0,-0.6,0.7999999999999999,-0.3640576474687264,-0.2645033635316128,1.3333333333333333
16112.0,-0.6,0.7999999999999999,0.1390576474687263,0.4279754323328191,1.3333333333333333
16131.0,-0.6,0.7999999999999999,0.3640576474687264,0.2645033635316129,1.3333333333333333
16144.0,-0.6,0.7999999999999999,-0.3640576474687263,0.2645033635316129,1.3333333333333333
16165.0,-0.6,0.7999999999999999,-0.45,5.51091059616309e-17,1.3333333333333333
16307.0,-0.6,0.7999999999999999,-0.1390576474687264,-0.4279754323328191,1.3333333333333333
16473.0,-0.6,0.7999999999999999,-0.1390576474687263,0.4279754323328191,1.3333333333333333
16477.0,-0.6,0.7999999999999999,-0.1390576474687264,-0.4279754323328191,1.3333333333333333
16531.0,-0.6,0.7999999999999999,0.3640576474687264,0.2645033635316129,1.3333333333333333
16549.0,-0.6,0.7999999999999999,0.3640576474687263,-0.264503363531613,1.3333333333333333
16570.0,-0.6,0.7999999999999999,0.45,0.0,1.3333333333333333
16624.0,-0.6,0.7999999999999999,-0.3640576474687263,0.2645033635316129,1.3333333333333333
16677.0,-0.6,0.7999999999999999,-0.1390576474687264,-0.4279754323328191,1.3333333333333333
16692.0,-0.6,0.7999999999999999,0.1390576474687263,0.4279754323328191,1.3333333333333333
16886.0,-0.6,0.7999999999999999,-0.3640576474687264,-0.2645033635316128,1.3333333333333333
16895.0,-0.6,0.7999999999999999,-0.45,5.51091059616309e-17,1.3333333333333333
16939.0,-0.6,0.7999999999999999,0.3640576474687263,-0.264503363531613,1.3333333333333333
17143.0,-0.6,0.7999999999999999,-0.1390576474687263,0.4279754323328191,1.3333333333333333
17163.0,-0.6,0.7999999999999999,-0.1390576474687263,0.4279754323328191,1.3333333333333333
17418.0,-0.6,0.7999999999999999,0.1390576474687262,-0.4279754323328191,1.3333333333333333
17447.0,-0.6,0.7999999999999999,-0.1390576474687264,-0.4279754323328191,1.3333333333333333
17491.0,-0.6,0.7999999999999999,0.3640576474687264,0.2645033635316129,1.3333333333333333
17755.0,-0.6,0.7999999999999999,-0.45,5.51091059616309e-17,1.3333333333333333
17775.0,-0.6,0.7999999999999999,-0.45,5.51091059616309e-17,1.3333333333333333
17779.0,-0.6,0.7999999999999999,0.3640576474687263,-0.264503363531613,1.3333333333333333
17860.0,-0.6,0.7999999999999999,0.45,0.0,1.3333333333333333
18039.0,-0.6,0.7999999999999999,0.3640576474687263,-0.264503363531613,1.3333333333333333
18066.0,-0.6,0.7999999999999999,-0.3640576474687264,-0.2645033635316128,1.3333333333333333
18107.0,-0.6,0.7999999999999999,-0.1390576474687264,-0.4279754323328191,1.3333333333333333
18171.0,-0.6,0.7999999999999999,0.3640576474687264,0.2645033635316129,1.3333333333333333
18181.0,-0.6,0.7999999999999999,0.3640576474687264,0.2645033635316129,1.3333333333333333
18243.0,-0.6,0.7999999999999999,-0.1390576474687263,0.4279754323328191,1.3333333333333333
18541.0,-0.6,0.7999999999999999,0.3640576474687264,0.2645033635316129,1.3333333333333333
18628.0,-0.6,0.7999999999999999,0.1390576474687262,-0.4279754323328191,1.3333333333333333
18738.0,-0.6,0.7999999999999999,0.1390576474687262,-0.4279754323328191,1.3333333333333333
18810.0,-0.6,0.7999999999999999,0.45,0.0,1.3333333333333333
18868.0,-0.6,0.7999999999999999,0.1390576474687262,-0.4279754323328191,1.3333333333333333
19241.0,-0.6,0.7999999999999999,0.3640576474687264,0.2645033635316129,1.3333333333333333
19270.0,-0.6,0.7999999999999999,0.45,0.0,1.3333333333333333
19579.0,-0.6,0.7999999999999999,0.3640576474687263,-0.264503363531613,1.3333333333333333
19766.0,-0.6,0.7999999999999999,-0.3640576474687264,-0.2645033635316128,1.3333333333333333
19800.0,-0.6,0.7999999999999999,0.45,0.0,1.3333333333333333
19816.0,-0.6,0.7999999999999999,-0.3640576474687264,-0.2645033635316128,1.3333333333333333
19897.0,-0.6,0.7999999999999999,-0.1390576474687264,-0.4279754323328191,1.3333333333333333
20093.0,-0.6,0.7999999999999999,-0.1390576474687263,0.4279754323328191,1.3333333333333333
20160.0,-0.6,0.7999999999999999,0.45,0.0,1.3333333333333333
20425.0,-0.6,0.7999999999999999,-0.45,5.51091059616309e-17,1.3333333333333333
20510.0,-0.6,0.7999999999999999,0.45,0.0,1.3333333333333333
20639.0,-0.6,0.7999999999999999,0.3640576474687263,-0.264503363531613,1.3333333333333333
20770.0,-0.6,0.7999999999999999,0.45,0.0,1.3333333333333333
21119.0,-0.6,0.7999999999999999,0.3640576474687263,-0.264503363531613,1.3333333333333333
21177.0,-0.6,0.7999999999999999,-0.1390576474687264,-0.4279754323328191,1.3333333333333333
21531.0,-0.6,0.7999999999999999,0.3640576474687264,0.2645033635316129,1.3333333333333333
21585.0,-0.6,0.7999999999999999,-0.45,5.51091059616309e-17,1.3333333333333333
21653.0,-0.6,0.7999999999999999,-0.1390576474687263,0.4279754323328191,1.3333333333333333
21714.0,-0.6,0.7999999999999999,-0.3640576474687263,0.2645033635316129,1.3333333333333333
21786.0,-0.6,0.7999999999999999,-0.3640576474687264,-0.2645033635316128,1.3333333333333333
21806.0,-0.6,0.7999999999999999,-0.3640576474687264,-0.2645033635316128,1.3333333333333333
21923.0,-0.6,0.7999999999999999,-0.1390576474687263,0.4279754323328191,1.3333333333333333
21932.0,-0.6,0.7999999999999999,0.1390576474687263,0.4279754323328191,1.3333333333333333
22245.0,-0.6,0.7999999999999999,-0.45,5.51091059616309e-17,1.3333333333333333
22295.0,-0.6,0.7999999999999999,-0.45,5.51091059616309e-17,1.3333333333333333
22318.0,-0.6,0.7999999999999999,0.1390576474687262,-0.4279754323328191,1.3333333333333333
22542.0,-0.6,0.7999999999999999,0.1390576474687263,0.4279754323328191,1.3333333333333333
22681.0,-0.6,0.7999999999999999,0.3640576474687264,0.2645033635316129,1.3333333333333333
22837.0,-0.6,0.7999999999999999,-0.1390576474687264,-0.4279754323328191,1.3333333333333333
22921.0,-0.6,0.7999999999999999,0.3640576474687264,0.2645033635316129,1.3333333333333333
23049.0,-0.6,0.7999999999999999,0.3640576474687263,-0.264503363531613,1.3333333333333333
23071.0,-0.6,0.7999999999999999,0.3640576474687264,0.2645033635316129,1.3333333333333333
23207.0,-0.6,0.7999999999999999,-0.1390576474687264,-0.4279754323328191,1.3333333333333333
23292.0,-0.6,0.7999999999999999,0.1390576474687263,0.4279754323328191,1.3333333333333333
23332.0,-0.6,0.7999999999999999,0.1390576474687263,0.4279754323328191,1.3333333333333333
23367.0,-0.6,0.7999999999999999,-0.1390576474687264,-0.4279754323328191,1.3333333333333333
23524.0,-0.6,0.7999999999999999,-0.3640576474687263,0.2645033635316129,1.3333333333333333
23540.0,-0.6,0.7999999999999999,0.45,0.0,1.3333333333333333
23566.0,-0.6,0.7999999999999999,-0.3640576474687264,-0.2645033635316128,1.3333333333333333
23619.0,-0.6,0.7999999999999999,0.3640576474687263,-0.264503363531613,1.3333333333333333
23948.0,-0.6,0.7999999999999999,0.1390576474687262,-0.4279754323328191,1.3333333333333333
23965.0,-0.6,0.7999999999999999,-0.45,5.51091059616309e-17,1.3333333333333333
24016.0,-0.6,0.7999999999999999,-0.3640576474687264,-0.2645033635316128,1.3333333333333333
24185.0,-0.6,0.7999999999999999,-0.45,5.51091059616309e-17,1.3333333333333333
24316.0,-0.6,0.7999999999999999,-0.3640576474687264,-0.2645033635316128,1.3333333333333333
24487.0,-0.6,0.7999999999999999,-0.1390576474687264,-0.4279754323328191,1.3333333333333333
24511.0,-0.6,0.7999999999999999,0.3640576474687264,0.2645033635316129,1.3333333333333333
24648.0,-0.6,0.7999999999999999,0.1390576474687262,-0.4279754323328191,1.3333333333333333
24870.0,-0.6,0.7999999999999999,0.45,0.0,1.3333333333333333
24885.0,-0.6,0.7999999999999999,-0.45,5.51091059616309e-17,1.3333333333333333
25041.0,-0.6,0.7999999999999999,0.3640576474687264,0.2645033635316129,1.3333333333333333
25118.0,-0.6,0.7999999999999999,0.1390576474687262,-0.4279754323328191,1.3333333333333333
25122.0,-0.6,0.7999999999999999,0.1390576474687263,0.4279754323328191,1.3333333333333333
25231.0,-0.6,0.7999999999999999,0.3640576474687264,0.2645033635316129,1.3333333333333333
25237.0,-0.6,0.7999999999999999,-0.1390576474687264,-0.4279754323328191,1.3333333333333333
25249.0,-0.6,0.7999999999999999,0.3640576474687263,-0.264503363531613,1.3333333333333333
25253.0,-0.6,0.7999999999999999,-0.1390576474687263,0.4279754323328191,1.3333333333333333
25278.0,-0.6,0.7999999999999999,0.1390576474687262,-0.4279754323328191,1.3333333333333333
25547.0,-0.6,0.7999999999999999,-0.1390576474687264,-0.4279754323328191,1.3333333333333333
25550.0,-0.6,0.7999999999999999,0.45,0.0,1.3333333333333333
25578.0,-0.6,0.7999999999999999,0.1390576474687262,-0.4279754323328191,1.3333333333333333
25697.0,-0.6,0.7999999999999999,-0.1390576474687264,-0.4279754323328191,1.3333333333333333
25866.0,-0.6,0.7999999999999999,-0.3640576474687264,-0.2645033635316128,1.3333333333333333
26580.0,-0.6,0.7999999999999999,0.45,0.0,1.3333333333333333
27027.0,-0.6,0.7999999999999999,-0.1390576474687264,-0.4279754323328191,1.3333333333333333
27040.0,-0.6,0.7999999999999999,0.45,0.0,1.3333333333333333
27088.0,-0.6,0.7999999999999999,0.1390576474687262,-0.4279754323328191,1.3333333333333333
27184.0,-0.6,0.7999999999999999,-0.3640576474687263,0.2645033635316129,1.3333333333333333
27236.0,-0.6,0.7999999999999999,-0.3640576474687264,-0.2645033635316128,1.3333333333333333
27353.0,-0.6,0.7999999999999999,-0.1390576474687263,0.4279754323328191,1.3333333333333333
27418.0,-0.6,0.7999999999999999,0.1390576474687262,-0.4279754323328191,1.3333333333333333
27603.0,-0.6,0.7999999999999999,-0.1390576474687263,0.4279754323328191,1.3333333333333333
27771.0,-0.6,0.7999999999999999,0.3640576474687264,0.2645033635316129,1.3333333333333333
28375.0,-0.6,0.7999999999999999,-0.45,5.51091059616309e-17,1.3333333333333333
28467.0,-0.6,0.7999999999999999,-0.1390576474687264,-0.4279754323328191,1.3333333333333333
28641.0,-0.6,0.7999999999999999,0.3640576474687264,0.2645033635316129,1.3333333333333333
28719.0,-0.6,0.7999999999999999,0.3640576474687263,-0.264503363531613,1.3333333333333333
28729.0,-0.6,0.7999999999999999,0.3640576474687263,-0.264503363531613,1.3333333333333333
28784.0,-0.6,0.7999999999999999,-0.3640576474687263,0.2645033635316129,1.3333333333333333
29032.0,-0.6,0.7999999999999999,0.1390576474687263,0.4279754323328191,1.3333333333333333
29240.0,-0.6,0.7999999999999999,0.45,0.0,1.3333333333333333
29329.0,-0.6,0.7999999999999999,0.3640576474687263,-0.264503363531613,1.3333333333333333
29456.0,-0.6,0.7999999999999999,-0.3640576474687264,-0.2645033635316128,1.3333333333333333
29577.0,-0.6,0.7999999999999999,-0.1390576474687264,-0.4279754323328191,1.3333333333333333
29719.0,-0.6,0.7999999999999999,0.3640576474687263,-0.264503363531613,1.3333333333333333
29728.0,-0.6,0.7999999999999999,0.1390576474687262,-0.4279754323328191,1.3333333333333333
29773.0,-0.6,0.7999999999999999,-0.1390576474687263,0.4279754323328191,1.3333333333333333
30169.0,-0.6,0.7999999999999999,0.3640576474687263,-0.264503363531613,1.3333333333333333
30509.0,-0.6,0.7999999999999999,0.3640576474687263,-0.264503363531613,1.3333333333333333
30541.0,-0.6,0.7999999999999999,0.3640576474687264,0.2645033635316129,1.3333333333333333
30758.0,-0.6,0.7999999999999999,0.1390576474687262,-0.4279754323328191,1.3333333333333333
30761.0,-0.6,0.7999999999999999,0.3640576474687264,0.2645033635316129,1.3333333333333333
30868.0,-0.6,0.7999999999999999,0.1390576474687262,-0.4279754323328191,1.3333333333333333
30901.0,-0.6,0.7999999999999999,0.3640576474687264,0.2645033635316129,1.3333333333333333
31030.0,-0.6,0.7999999999999999,0.45,0.0,1.3333333333333333
31172.0,-0.6,0.7999999999999999,0.1390576474687263,0.4279754323328191,1.3333333333333333
31212.0,-0.6,0.7999999999999999,0.1390576474687263,0.4279754323328191,1.3333333333333333
31287.0,-0.6,0.7999999999999999,-0.1390576474687264,-0.4279754323328191,1.3333333333333333
31329.0,-0.6,0.7999999999999999,0.3640576474687263,-0.264503363531613,1.3333333333333333
31401.0,-0.6,0.7999999999999999,0.3640576474687264,0.2645033635316129,1.3333333333333333
31443.0,-0.6,0.7999999999999999,-0.1390576474687263,0.4279754323328191,1.3333333333333333
31447.0,-0.6,0.7999999999999999,-0.1390576474687264,-0.4279754323328191,1.3333333333333333
31476.0,-0.6,0.7999999999999999,-0.3640576474687264,-0.2645033635316128,1.3333333333333333
31505.0,-0.6,0.7999999999999999,-0.45,5.51091059616309e-17,1.3333333333333333
31512.0,-0.6,0.7999999999999999,0.1390576474687263,0.4279754323328191,1.3333333333333333
31534.0,-0.6,0.7999999999999999,-0.3640576474687263,0.2645033635316129,1.3333333333333333
31629.0,-0.6,0.7999999999999999,0.3640576474687263,-0.264503363531613,1.3333333333333333
31661.0,-0.6,0.7999999999999999,0.3640576474687264,0.2645033635316129,1.3333333333333333
31721.0,-0.6,0.7999999999999999,0.3640576474687264,0.2645033635316129,1.3333333333333333
31865.0,-0.6,0.7999999999999999,-0.45,5.51091059616309e-17,1.3333333333333333
31877.0,-0.6,0.7999999999999999,-0.1390576474687264,-0.4279754323328191,1.3333333333333333
31909.0,-0.6,0.7999999999999999,0.3640576474687263,-0.264503363531613,1.3333333333333333
32063.0,-0.6,0.7999999999999999,-0.1390576474687263,0.4279754323328191,1.3333333333333333
32187.0,-0.6,0.7999999999999999,-0.1390576474687264,-0.4279754323328191,1.3333333333333333
32206.0,-0.6,0.7999999999999999,-0.3640576474687264,-0.2645033635316128,1.3333333333333333
32223.0,-0.6,0.7999999999999999,-0.1390576474687263,0.4279754323328191,1.3333333333333333
32290.0,-0.6,0.7999999999999999,0.45,0.0,1.3333333333333333
32306.0,-0.6,0.7999999999999999,-0.3640576474687264,-0.2645033635316128,1.3333333333333333
32338.0,-0.6,0.7999999999999999,0.1390576474687262,-0.4279754323328191,1.3333333333333333
32380.0,-0.6,0.7999999999999999,0.45,0.0,1.3333333333333333
32504.0,-0.6,0.7999999999999999,-0.3640576474687263,0.2645033635316129,1.3333333333333333
32554.0,-0.6,0.7999999999999999,-0.3640576474687263,0.2645033635316129,1.3333333333333333
32578.0,-0.6,0.7999999999999999,0.1390576474687262,-0.4279754323328191,1.3333333333333333
32694.0,-0.6,0.7999999999999999,-0.3640576474687263,0.2645033635316129,1.3333333333333333
32836.0,-0.6,0.7999999999999999,-0.3640576474687264,-0.2645033635316128,1.3333333333333333
32855.0,-0.6,0.7999999999999999,-0.45,5.51091059616309e-17,1.3333333333333333
32912.0,-0.6,0.7999999999999999,0.1390576474687263,0.4279754323328191,1.3333333333333333
32953.0,-0.6,0.7999999999999999,-0.1390576474687263,0.4279754323328191,1.3333333333333333
33064.0,-0.6,0.7999999999999999,-0.3640576474687263,0.2645033635316129,1.3333333333333333
33149.0,-0.6,0.7999999999999999,0.3640576474687263,-0.264503363531613,1.3333333333333333
33239.0,-0.6,0.7999999999999999,0.3640576474687263,-0.264503363531613,1.3333333333333333
33243.0,-0.6,0.7999999999999999,-0.1390576474687263,0.4279754323328191,1.3333333333333333
33294.0,-0.6,0.7999999999999999,-0.3640576474687263,0.2645033635316129,1.3333333333333333
33497.0,-0.6,0.7999999999999999,-0.1390576474687264,-0.4279754323328191,1.3333333333333333
33647.0,-0.6,0.7999999999999999,-0.1390576474687264,-0.4279754323328191,1.3333333333333333
33730.0,-0.6,0.7999999999999999,0.45,0.0,1.3333333333333333
33793.0,-0.6,0.7999999999999999,-0.1390576474687263,0.4279754323328191,1.3333333333333333
33826.0,-0.6,0.7999999999999999,-0.3640576474687264,-0.2645033635316128,1.3333333333333333
33839.0,-0.6,0.7999999999999999,0.3640576474687263,-0.264503363531613,1.3333333333333333
33862.0,-0.6,0.7999999999999999,0.1390576474687263,0.4279754323328191,1.3333333333333333
33905.0,-0.6,0.7999999999999999,-0.45,5.51091059616309e-17,1.3333333333333333
33936.0,-0.6,0.7999999999999999,-0.3640576474687264,-0.2645033635316128,1.3333333333333333
33953.0,-0.6,0.7999999999999999,-0.1390576474687263,0.4279754323328191,1.3333333333333333
33966.0,-0.6,0.7999999999999999,-0.3640576474687264,-0.2645033635316128,1.3333333333333333
34078.0,-0.6,0.7999999999999999,0.1390576474687262,-0.4279754323328191,1.3333333333333333
34247.0,-0.6,0.7999999999999999,-0.1390576474687264,-0.4279754323328191,1.3333333333333333
34264.0,-0.6,0.7999999999999999,-0.3640576474687263,0.2645033635316129,1.3333333333333333
34267.0,-0.6,0.7999999999999999,-0.1390576474687264,-0.4279754323328191,1.3333333333333333
34297.0,-0.6,0.7999999999999999,-0.1390576474687264,-0.4279754323328191,1.3333333333333333
34366.0,-0.6,0.7999999999999999,-0.3640576474687264,-0.2645033635316128,1.3333333333333333
34491.0,-0.6,0.7999999999999999,0.3640576474687264,0.2645033635316129,1.3333333333333333
34526.0,-0.6,0.7999999999999999,-0.3640576474687264,-0.2645033635316128,1.3333333333333333
34754.0,-0.6,0.7999999999999999,-0.3640576474687263,0.2645033635316129,1.3333333333333333
34787.0,-0.6,0.7999999999999999,-0.1390576474687264,-0.4279754323328191,1.3333333333333333
34906.0,-0.6,0.7999999999999999,-0.3640576474687264,-0.2645033635316128,1.3333333333333333
34922.0,-0.6,0.7999999999999999,0.1390576474687263,0.4279754323328191,1.3333333333333333
34962.0,-0.6,0.7999999999999999,0.1390576474687263,0.4279754323328191,1.3333333333333333
35079.0,-0.6,0.7999999999999999,0.3640576474687263,-0.264503363531613,1.3333333333333333
35119.0,-0.6,0.7999999999999999,0.3640576474687263,-0.264503363531613,1.3333333333333333
35445.0,-0.6,0.7999999999999999,-0.45,5.51091059616309e-17,1.3333333333333333
35523.0,-0.6,0.7999999999999999,-0.1390576474687263,0.4279754323328191,1.3333333333333333
35543.0,-0.6,0.7999999999999999,-0.1390576474687263,0.4279754323328191,1.3333333333333333
35595.0,-0.6,0.7999999999999999,-0.45,5.51091059616309e-17,1.3333333333333333
35666.0,-0.6,0.7999999999999999,-0.3640576474687264,-0.2645033635316128,1.3333333333333333
35784.0,-0.6,0.7999999999999999,-0.3640576474687263,0.2645033635316129,1.3333333333333333
36036.0,-0.6,0.7999999999999999,-0.3640576474687264,-0.2645033635316128,1.3333333333333333
36081.0,-0.6,0.7999999999999999,0.3640576474687264,0.2645033635316129,1.3333333333333333
36124.0,-0.6,0.7999999999999999,-0.3640576474687263,0.2645033635316129,1.3333333333333333
36148.0,-0.6,0.7999999999999999,0.1390576474687262,-0.4279754323328191,1.3333333333333333
36237.0,-0.6,0.7999999999999999,-0.1390576474687264,-0.4279754323328191,1.3333333333333333
36302.0,-0.6,0.7999999999999999,0.1390576474687263,0.4279754323328191,1.3333333333333333
36309.0,-0.6,0.7999999999999999,0.3640576474687263,-0.264503363531613,1.3333333333333333
36356.0,-0.6,0.7999999999999999,-0.3640576474687264,-0.2645033635316128,1.3333333333333333
36590.0,-0.6,0.7999999999999999,0.45,0.0,1.3333333333333333
36670.0,-0.6,0.7999999999999999,0.45,0.0,1.3333333333333333
36732.0,-0.6,0.7999999999999999,0.1390576474687263,0.4279754323328191,1.3333333333333333
36751.0,-0.6,0.7999999999999999,0.3640576474687264,0.2645033635316129,1.3333333333333333
36778.0,-0.6,0.7999999999999999,0.1390576474687262,-0.4279754323328191,1.3333333333333333
36828.0,-0.6,0.7999999999999999,0.1390576474687262,-0.4279754323328191,1.3333333333333333
36833.0,-0.6,0.7999999999999999,-0.1390576474687263,0.4279754323328191,1.3333333333333333
36921.0,-0.6,0.7999999999999999,0.3640576474687264,0.2645033635316129,1.3333333333333333
36948.0,-0.6,0.7999999999999999,0.1390576474687262,-0.4279754323328191,1.3333333333333333
36989.0,-0.6,0.7999999999999999,0.3640576474687263,-0.264503363531613,1.3333333333333333
37033.0,-0.6,0.7999999999999999,-0.1390576474687263,0.4279754323328191,1.3333333333333333
37062.0,-0.6,0.7999999999999999,0.1390576474687263,0.4279754323328191,1.3333333333333333
37180.0,-0.6,0.7999999999999999,0.45,0.0,1.3333333333333333
37192.0,-0.6,0.7999999999999999,0.1390576474687263,0.4279754323328191,1.3333333333333333
37208.0,-0.6,0.7999999999999999,0.1390576474687262,-0.4279754323328191,1.3333333333333333
37339.0,-0.6,0.7999999999999999,0.3640576474687263,-0.264503363531613,1.3333333333333333
37556.0,-0.6,0.7999999999999999,-0.3640576474687264,-0.2645033635316128,1.3333333333333333
37656.0,-0.6,0.7999999999999999,-0.3640576474687264,-0.2645033635316128,1.3333333333333333
37700.0,-0.6,0.7999999999999999,0.45,0.0,1.3333333333333333
37742.0,-0.6,0.7999999999999999,0.1390576474687263,0.4279754323328191,1.3333333333333333
37765.0,-0.6,0.7999999999999999,-0.45,5.51091059616309e-17,1.3333333333333333
37808.0,-0.6,0.7999999999999999,0.1390576474687262,-0.4279754323328191,1.3333333333333333
37889.0,-0.6,0.7999999999999999,0.3640576474687263,-0.264503363531613,1.3333333333333333
37973.0,-0.6,0.7999999999999999,-0.1390576474687263,0.4279754323328191,1.3333333333333333
37998.0,-0.6,0.7999999999999999,0.1390576474687262,-0.4279754323328191,1.3333333333333333
38040.0,-0.6,0.7999999999999999,0.45,0.0,1.3333333333333333
38531.0,-0.6,0.7999999999999999,0.3640576474687264,0.2645033635316129,1.3333333333333333
38555.0,-0.6,0.7999999999999999,-0.45,5.51091059616309e-17,1.3333333333333333
38633.0,-0.6,0.7999999999999999,-0.1390576474687263,0.4279754323328191,1.3333333333333333
38701.0,-0.6,0.7999999999999999,0.3640576474687264,0.2645033635316129,1.3333333333333333
38740.0,-0.6,0.7999999999999999,0.45,0.0,1.3333333333333333
38791.0,-0.6,0.7999999999999999,0.3640576474687264,0.2645033635316129,1.3333333333333333
38846.0,-0.6,0.7999999999999999,-0.3640576474687264,-0.2645033635316128,1.3333333333333333
38868.0,-0.6,0.7999999999999999,0.1390576474687262,-0.4279754323328191,1.3333333333333333
38978.0,-0.6,0.7999999999999999,0.1390576474687262,-0.4279754323328191,1.3333333333333333
38989.0,-0.6,0.7999999999999999,0.3640576474687263,-0.264503363531613,1.3333333333333333
39013.0,-0.6,0.7999999999999999,-0.1390576474687263,0.4279754323328191,1.3333333333333333
39053.0,-0.6,0.7999999999999999,-0.1390576474687263,0.4279754323328191,1.3333333333333333
39124.0,-0.6,0.7999999999999999,-0.3640576474687263,0.2645033635316129,1.3333333333333333
39130.0,-0.6,0.7999999999999999,0.45,0.0,1.3333333333333333
39142.0,-0.6,0.7999999999999999,0.1390576474687263,0.4279754323328191,1.3333333333333333
39207.0,-0.6,0.7999999999999999,-0.1390576474687264,-0.4279754323328191,1.3333333333333333
39247.0,-0.6,0.7999999999999999,-0.1390576474687264,-0.4279754323328191,1.3333333333333333
39329.0,-0.6,0.7999999999999999,0.3640576474687263,-0.264503363531613,1.3333333333333333
39373.0,-0.6,0.7999999999999999,-0.1390576474687263,0.4279754323328191,1.3333333333333333
39380.0,-0.6,0.7999999999999999,0.45,0.0,1.3333333333333333
39390.0,-0.6,0.7999999999999999,0.45,0.0,1.3333333333333333
39413.0,-0.6,0.7999999999999999,-0.1390576474687263,0.4279754323328191,1.3333333333333333
39439.0,-0.6,0.7999999999999999,0.3640576474687263,-0.264503363531613,1.3333333333333333
39464.0,-0.6,0.7999999999999999,-0.3640576474687263,0.2645033635316129,1.3333333333333333
39527.0,-0.6,0.7999999999999999,-0.1390576474687264,-0.4279754323328191,1.3333333333333333
39603.0,-0.6,0.7999999999999999,-0.1390576474687263,0.4279754323328191,1.3333333333333333
39682.0,-0.6,0.7999999999999999,0.1390576474687263,0.4279754323328191,1.3333333333333333
39704.0,-0.6,0.7999999999999999,-0.3640576474687263,0.2645033635316129,1.3333333333333333
39764.0,-0.6,0.7999999999999999,-0.3640576474687263,0.2645033635316129,1.3333333333333333
39871.0,-0.6,0.7999999999999999,0.3640576474687264,0.2645033635316129,1.3333333333333333
40018.0,-0.6,0.7999999999999999,0.1390576474687262,-0.4279754323328191,1.3333333333333333
40039.0,-0.6,0.7999999999999999,0.3640576474687263,-0.264503363531613,1.3333333333333333
40675.0,-0.6,0.7999999999999999,-0.45,5.51091059616309e-17,1.3333333333333333
40725.0,-0.6,0.7999999999999999,-0.45,5.51091059616309e-17,1.3333333333333333
40729.0,-0.6,0.7999999999999999,0.3640576474687263,-0.264503363531613,1.3333333333333333
40738.0,-0.6,0.7999999999999999,0.1390576474687262,-0.4279754323328191,1.3333333333333333
40765.0,-0.6,0.7999999999999999,-0.45,5.51091059616309e-17,1.3333333333333333
40811.0,-0.6,0.7999999999999999,0.3640576474687264,0.2645033635316129,1.3333333333333333
40856.0,-0.6,0.7999999999999999,-0.3640576474687264,-0.2645033635316128,1.3333333333333333
40883.0,-0.6,0.7999999999999999,-0.1390576474687263,0.4279754323328191,1.3333333333333333
40933.0,-0.6,0.7999999999999999,-0.1390576474687263,0.4279754323328191,1.3333333333333333
40952.0,-0.6,0.7999999999999999,0.1390576474687263,0.4279754323328191,1.3333333333333333
41008.0,-0.6,0.7999999999999999,0.1390576474687262,-0.4279754323328191,1.3333333333333333
41012.0,-0.6,0.7999999999999999,0.1390576474687263,0.4279754323328191,1.3333333333333333
41066.0,-0.6,0.7999999999999999,-0.3640576474687264,-0.2645033635316128,1.3333333333333333
41164.0,-0.6,0.7999999999999999,-0.3640576474687263,0.2645033635316129,1.3333333333333333
41333.0,-0.6,0.7999999999999999,-0.1390576474687263,0.4279754323328191,1.3333333333333333
41465.0,-0.6,0.7999999999999999,-0.45,5.51091059616309e-17,1.3333333333333333
41470.0,-0.6,0.7999999999999999,0.45,0.0,1.3333333333333333
41687.0,-0.6,0.7999999999999999,-0.1390576474687264,-0.4279754323328191,1.3333333333333333
41874.0,-0.6,0.7999999999999999,-0.3640576474687263,0.2645033635316129,1.3333333333333333
41889.0,-0.6,0.7999999999999999,0.3640576474687263,-0.264503363531613,1.3333333333333333
41903.0,-0.6,0.7999999999999999,-0.1390576474687263,0.4279754323328191,1.3333333333333333
41930.0,-0.6,0.7999999999999999,0.45,0.0,1.3333333333333333
41946.0,-0.6,0.7999999999999999,-0.3640576474687264,-0.2645033635316128,1.3333333333333333
42000.0,-0.6,0.7999999999999999,0.45,0.0,1.3333333333333333
42393.0,-0.6,0.7999999999999999,-0.1390576474687263,0.4279754323328191,1.3333333333333333
42410.0,-0.6,0.7999999999999999,0.45,0.0,1.3333333333333333
42533.0,-0.6,0.7999999999999999,-0.1390576474687263,0.4279754323328191,1.3333333333333333
42607.0,-0.6,0.7999999999999999,-0.1390576474687264,-0.4279754323328191,1.3333333333333333
42614.0,-0.6,0.7999999999999999,-0.3640576474687263,0.2645033635316129,1.3333333333333333
42653.0,-0.6,0.7999999999999999,-0.1390576474687263,0.4279754323328191,1.3333333333333333
42708.0,-0.6,0.7999999999999999,0.1390576474687262,-0.4279754323328191,1.3333333333333333
42780.0,-0.6,0.7999999999999999,0.45,0.0,1.3333333333333333
42808.0,-0.6,0.7999999999999999,0.1390576474687262,-0.4279754323328191,1.3333333333333333
42992.0,-0.6,0.7999999999999999,0.1390576474687263,0.4279754323328191,1.3333333333333333
43042.0,-0.6,0.7999999999999999,0.1390576474687263,0.4279754323328191,1.3333333333333333
43265.0,-0.6,0.7999999999999999,-0.45,5.51091059616309e-17,1.3333333333333333
43411.0,-0.6,0.7999999999999999,0.3640576474687264,0.2645033635316129,1.3333333333333333
43435.0,-0.6,0.7999999999999999,-0.45,5.51091059616309e-17,1.3333333333333333
43534.0,-0.6,0.7999999999999999,-0.3640576474687263,0.2645033635316129,1.3333333333333333
43561.0,-0.6,0.7999999999999999,0.3640576474687264,0.2645033635316129,1.3333333333333333
43604.0,-0.6,0.7999999999999999,-0.3640576474687263,0.2645033635316129,1.3333333333333333
43648.0,-0.6,0.7999999999999999,0.1390576474687262,-0.4279754323328191,1.3333333333333333
43811.0,-0.6,0.7999999999999999,0.3640576474687264,0.2645033635316129,1.3333333333333333
43845.0,-0.6,0.7999999999999999,-0.45,5.51091059616309e-17,1.3333333333333333
43865.0,-0.6,0.7999999999999999,-0.45,5.51091059616309e-17,1.3333333333333333
43952.0,-0.6,0.7999999999999999,0.1390576474687263,0.4279754323328191,1.3333333333333333
43979.0,-0.6,0.7999999999999999,0.3640576474687263,-0.264503363531613,1.3333333333333333
44106.0,-0.6,0.7999999999999999,-0.3640576474687264,-0.2645033635316128,1.3333333333333333
44265.0,-0.6,0.7999999999999999,-0.45,5.51091059616309e-17,1.3333333333333333
44271.0,-0.6,0.7999999999999999,0.3640576474687264,0.2645033635316129,1.3333333333333333
44294.0,-0.6,0.7999999999999999,-0.3640576474687263,0.2645033635316129,1.3333333333333333
44335.0,-0.6,0.7999999999999999,-0.45,5.51091059616309e-17,1.3333333333333333
44386.0,-0.6,0.7999999999999999,-0.3640576474687264,-0.2645033635316128,1.3333333333333333
44460.0,-0.6,0.7999999999999999,0.45,0.0,1.3333333333333333
44465.0,-0.6,0.7999999999999999,-0.45,5.51091059616309e-17,1.3333333333333333
44507.0,-0.6,0.7999999999999999,-0.1390576474687264,-0.4279754323328191,1.3333333333333333
44565.0,-0.6,0.7999999999999999,-0.45,5.51091059616309e-17,1.3333333333333333
44626.0,-0.6,0.7999999999999999,-0.3640576474687264,-0.2645033635316128,1.3333333333333333
44891.0,-0.6,0.7999999999999999,0.3640576474687264,0.2645033635316129,1.3333333333333333
44922.0,-0.6,0.7999999999999999,0.1390576474687263,0.4279754323328191,1.3333333333333333
44961.0,-0.6,0.7999999999999999,0.3640576474687264,0.2645033635316129,1.3333333333333333
45035.0,-0.6,0.7999999999999999,-0.45,5.51091059616309e-17,1.3333333333333333
45071.0,-0.6,0.7999999999999999,0.3640576474687264,0.2645033635316129,1.3333333333333333
45082.0,-0.6,0.7999999999999999,0.1390576474687263,0.4279754323328191,1.3333333333333333
45137.0,-0.6,0.7999999999999999,-0.1390576474687264,-0.4279754323328191,1.3333333333333333
45171.0,-0.6,0.7999999999999999,0.3640576474687264,0.2645033635316129,1.3333333333333333
45188.0,-0.6,0.7999999999999999,0.1390576474687262,-0.4279754323328191,1.3333333333333333
45239.0,-0.6,0.7999999999999999,0.3640576474687263,-0.264503363531613,1.3333333333333333
45299.0,-0.6,0.7999999999999999,0.3640576474687263,-0.264503363531613,1.3333333333333333
45306.0,-0.6,0.7999999999999999,-0.3640576474687264,-0.2645033635316128,1.3333333333333333
45467.0,-0.6,0.7999999999999999,-0.1390576474687264,-0.4279754323328191,1.3333333333333333
45508.0,-0.6,0.7999999999999999,0.1390576474687262,-0.4279754323328191,1.3333333333333333
45571.0,-0.6,0.7999999999999999,0.3640576474687264,0.2645033635316129,1.3333333333333333
45630.0,-0.6,0.7999999999999999,0.45,0.0,1.3333333333333333
45695.0,-0.6,0.7999999999999999,-0.45,5.51091059616309e-17,1.3333333333333333
45702.0,-0.6,0.7999999999999999,0.1390576474687263,0.4279754323328191,1.3333333333333333
45884.0,-0.6,0.7999999999999999,-0.3640576474687263,0.2645033635316129,1.3333333333333333
46087.0,-0.6,0.7999999999999999,-0.1390576474687264,-0.4279754323328191,1.3333333333333333
46090.0,-0.6,0.7999999999999999,0.45,0.0,1.3333333333333333
46275.0,-0.6,0.7999999999999999,-0.45,5.51091059616309e-17,1.3333333333333333
46292.0,-0.6,0.7999999999999999,0.1390576474687263,0.4279754323328191,1.3333333333333333
46362.0,-0.6,0.7999999999999999,0.1390576474687263,0.4279754323328191,1.3333333333333333
46454.0,-0.6,0.7999999999999999,-0.3640576474687263,0.2645033635316129,1.3333333333333333
46562.0,-0.6,0.7999999999999999,0.1390576474687263,0.4279754323328191,1.3333333333333333
46580.0,-0.6,0.7999999999999999,0.45,0.0,1.3333333333333333
46682.0,-0.6,0.7999999999999999,0.1390576474687263,0.4279754323328191,1.3333333333333333
46838.0,-0.6,0.7999999999999999,0.1390576474687262,-0.4279754323328191,1.3333333333333333
46860.0,-0.6,0.7999999999999999,0.45,0.0,1.3333333333333333
46890.0,-0.6,0.7999999999999999,0.45,0.0,1.3333333333333333
46946.0,-0.6,0.7999999999999999,-0.3640576474687264,-0.2645033635316128,1.3333333333333333
46975.0,-0.6,0.7999999999999999,-0.45,5.51091059616309e-17,1.3333333333333333
47146.0,-0.6,0.7999999999999999,-0.3640576474687264,-0.2645033635316128,1.3333333333333333
47293.0,-0.6,0.7999999999999999,-0.1390576474687263,0.4279754323328191,1.3333333333333333
47320.0,-0.6,0.7999999999999999,0.45,0.0,1.3333333333333333
47335.0,-0.6,0.7999999999999999,-0.45,5.51091059616309e-17,1.3333333333333333
47389.0,-0.6,0.7999999999999999,0.3640576474687263,-0.264503363531613,1.3333333333333333
47560.0,-0.6,0.7999999999999999,0.45,0.0,1.3333333333333333
47653.0,-0.6,0.7999999999999999,-0.1390576474687263,0.4279754323328191,1.3333333333333333
48043.0,-0.6,0.7999999999999999,-0.1390576474687263,0.4279754323328191,1.3333333333333333
48083.0,-0.6,0.7999999999999999,-0.1390576474687263,0.4279754323328191,1.3333333333333333
48174.0,-0.6,0.7999999999999999,-0.3640576474687263,0.2645033635316129,1.3333333333333333
48408.0,-0.6,0.7999999999999999,0.1390576474687262,-0.4279754323328191,1.3333333333333333
48533.0,-0.6,0.7999999999999999,-0.1390576474687263,0.4279754323328191,1.3333333333333333
48568.0,-0.6,0.7999999999999999,0.1390576474687262,-0.4279754323328191,1.3333333333333333
48892.0,-0.6,0.7999999999999999,0.1390576474687263,0.4279754323328191,1.3333333333333333
48930.0,-0.6,0.7999999999999999,0.45,0.0,1.3333333333333333
48948.0,-0.6,0.7999999999999999,0.1390576474687262,-0.4279754323328191,1.3333333333333333
49147.0,-0.6,0.7999999999999999,-0.1390576474687264,-0.4279754323328191,1.3333333333333333
49163.0,-0.6,0.7999999999999999,-0.1390576474687263,0.4279754323328191,1.3333333333333333
49186.0,-0.6,0.7999999999999999,-0.3640576474687264,-0.2645033635316128,1.3333333333333333
49290.0,-0.6,0.7999999999999999,0.45,0.0,1.3333333333333333
49307.0,-0.6,0.7999999999999999,-0.1390576474687264,-0.4279754323328191,1.3333333333333333
49380.0,-0.6,0.7999999999999999,0.45,0.0,1.3333333333333333
49394.0,-0.6,0.7999999999999999,-0.3640576474687263,0.2645033635316129,1.3333333333333333
49420.0,-0.6,0.7999999999999999,0.45,0.0,1.3333333333333333
49454.0,-0.6,0.7999999999999999,-0.3640576474687263,0.2645033635316129,1.3333333333333333
49524.0,-0.6,0.7999999999999999,-0.3640576474687263,0.2645033635316129,1.3333333333333333
49663.0,-0.6,0.7999999999999999,-0.1390576474687263,0.4279754323328191,1.3333333333333333
50211.0,-0.6,0.7999999999999999,0.3640576474687264,0.2645033635316129,1.3333333333333333
50356.0,-0.6,0.7999999999999999,-0.3640576474687264,-0.2645033635316128,1.3333333333333333
50385.0,-0.6,0.7999999999999999,-0.45,5.51091059616309e-17,1.3333333333333333
50437.0,-0.6,0.7999999999999999,-0.1390576474687264,-0.4279754323328191,1.3333333333333333
50464.0,-0.6,0.7999999999999999,-0.3640576474687263,0.2645033635316129,1.3333333333333333
50515.0,-0.6,0.7999999999999999,-0.45,5.51091059616309e-17,1.3333333333333333
50560.0,-0.6,0.7999999999999999,0.45,0.0,1.3333333333333333
50567.0,-0.6,0.7999999999999999,-0.1390576474687264,-0.4279754323328191,1.3333333333333333
50572.0,-0.6,0.7999999999999999,0.1390576474687263,0.4279754323328191,1.3333333333333333
50580.0,-0.6,0.7999999999999999,0.45,0.0,1.3333333333333333
50769.0,-0.6,0.7999999999999999,0.3640576474687263,-0.264503363531613,1.3333333333333333
50857.0,-0.6,0.7999999999999999,-0.1390576474687264,-0.4279754323328191,1.3333333333333333
50918.0,-0.6,0.7999999999999999,0.1390576474687262,-0.4279754323328191,1.3333333333333333
50989.0,-0.6,0.7999999999999999,0.3640576474687263,-0.264503363531613,1.3333333333333333
51136.0,-0.6,0.7999999999999999,-0.3640576474687264,-0.2645033635316128,1.3333333333333333
51146.0,-0.6,0.7999999999999999,-0.3640576474687264,-0.2645033635316128,1.3333333333333333
51352.0,-0.6,0.7999999999999999,0.1390576474687263,0.4279754323328191,1.3333333333333333
51426.0,-0.6,0.7999999999999999,-0.3640576474687264,-0.2645033635316128,1.3333333333333333
51446.0,-0.6,0.7999999999999999,-0.3640576474687264,-0.2645033635316128,1.3333333333333333
51462.0,-0.6,0.7999999999999999,0.1390576474687263,0.4279754323328191,1.3333333333333333
51471.0,-0.6,0.7999999999999999,0.3640576474687264,0.2645033635316129,1.3333333333333333
51550.0,-0.6,0.7999999999999999,0.45,0.0,1.3333333333333333
51564.0,-0.6,0.7999999999999999,-0.3640576474687263,0.2645033635316129,1.3333333333333333
51568.0,-0.6,0.7999999999999999,0.1390576474687262,-0.4279754323328191,1.3333333333333333
51575.0,-0.6,0.7999999999999999,-0.45,5.51091059616309e-17,1.3333333333333333
51724.0,-0.6,0.7999999999999999,-0.3640576474687263,0.2645033635316129,1.3333333333333333
51979.0,-0.6,0.7999999999999999,0.3640576474687263,-0.264503363531613,1.3333333333333333
52218.0,-0.6,0.7999999999999999,0.1390576474687262,-0.4279754323328191,1.3333333333333333
52246.0,-0.6,0.7999999999999999,-0.3640576474687264,-0.2645033635316128,1.3333333333333333
52252.0,-0.6,0.7999999999999999,0.1390576474687263,0.4279754323328191,1.3333333333333333
52265.0,-0.6,0.7999999999999999,-0.45,5.51091059616309e-17,1.3333333333333333
52342.0,-0.6,0.7999999999999999,0.1390576474687263,0.4279754323328191,1.3333333333333333
52370.0,-0.6,0.7999999999999999,0.45,0.0,1.3333333333333333
52564.0,-0.6,0.7999999999999999,-0.3640576474687263,0.2645033635316129,1.3333333333333333
52613.0,-0.6,0.7999999999999999,-0.1390576474687263,0.4279754323328191,1.3333333333333333
52749.0,-0.6,0.7999999999999999,0.3640576474687263,-0.264503363531613,1.3333333333333333
52764.0,-0.6,0.7999999999999999,-0.3640576474687263,0.2645033635316129,1.3333333333333333
52796.0,-0.6,0.7999999999999999,-0.3640576474687264,-0.2645033635316128,1.3333333333333333
52968.0,-0.6,0.7999999999999999,0.1390576474687262,-0.4279754323328191,1.3333333333333333
53091.0,-0.6,0.7999999999999999,0.3640576474687264,0.2645033635316129,1.3333333333333333
53152.0,-0.6,0.7999999999999999,0.1390576474687263,0.4279754323328191,1.3333333333333333
53174.0,-0.6,0.7999999999999999,-0.3640576474687263,0.2645033635316129,1.3333333333333333
53185.0,-0.6,0.7999999999999999,-0.45,5.51091059616309e-17,1.3333333333333333
53223.0,-0.6,0.7999999999999999,-0.1390576474687263,0.4279754323328191,1.3333333333333333
53294.0,-0.6,0.7999999999999999,-0.3640576474687263,0.2645033635316129,1.3333333333333333
53424.0,-0.6,0.7999999999999999,-0.3640576474687263,0.2645033635316129,1.3333333333333333
53579.0,-0.6,0.7999999999999999,0.3640576474687263,-0.264503363531613,1.3333333333333333
53699.0,-0.6,0.7999999999999999,0.3640576474687263,-0.264503363531613,1.3333333333333333
53716.0,-0.6,0.7999999999999999,-0.3640576474687264,-0.2645033635316128,1.3333333333333333
53788.0,-0.6,0.7999999999999999,0.1390576474687262,-0.4279754323328191,1.3333333333333333
54102.0,-0.6,0.7999999999999999,0.1390576474687263,0.4279754323328191,1.3333333333333333
54148.0,-0.6,0.7999999999999999,0.1390576474687262,-0.4279754323328191,1.3333333333333333
54317.0,-0.6,0.7999999999999999,-0.1390576474687264,-0.4279754323328191,1.3333333333333333
54355.0,-0.6,0.7999999999999999,-0.45,5.51091059616309e-17,1.3333333333333333
54401.0,-0.6,0.7999999999999999,0.3640576474687264,0.2645033635316129,1.3333333333333333
54580.0,-0.6,0.7999999999999999,0.45,0.0,1.3333333333333333
54614.0,-0.6,0.7999999999999999,-0.3640576474687263,0.2645033635316129,1.3333333333333333
54656.0,-0.6,0.7999999999999999,-0.3640576474687264,-0.2645033635316128,1.3333333333333333
54686.0,-0.6,0.7999999999999999,-0.3640576474687264,-0.2645033635316128,1.3333333333333333
54765.0,-0.6,0.7999999999999999,-0.45,5.51091059616309e-17,1.3333333333333333
55011.0,-0.6,0.7999999999999999,0.3640576474687264,0.2645033635316129,1.3333333333333333
55048.0,-0.6,0.7999999999999999,0.1390576474687262,-0.4279754323328191,1.3333333333333333
55156.0,-0.6,0.7999999999999999,-0.3640576474687264,-0.2645033635316128,1.3333333333333333
55160.0,-0.6,0.7999999999999999,0.45,0.0,1.3333333333333333
55374.0,-0.6,0.7999999999999999,-0.3640576474687263,0.2645033635316129,1.3333333333333333
55414.0,-0.6,0.7999999999999999,-0.3640576474687263,0.2645033635316129,1.3333333333333333
55459.0,-0.6,0.7999999999999999,0.3640576474687263,-0.264503363531613,1.3333333333333333
55479.0,-0.6,0.7999999999999999,0.3640576474687263,-0.264503363531613,1.3333333333333333
55494.0,-0.6,0.7999999999999999,-0.3640576474687263,0.2645033635316129,1.3333333333333333
55672.0,-0.6,0.7999999999999999,0.1390576474687263,0.4279754323328191,1.3333333333333333
55715.0,-0.6,0.7999999999999999,-0.45,5.51091059616309e-17,1.3333333333333333
55882.0,-0.6,0.7999999999999999,0.1390576474687263,0.4279754323328191,1.3333333333333333
55910.0,-0.6,0.7999999999999999,0.45,0.0,1.3333333333333333
55952.0,-0.6,0.7999999999999999,0.1390576474687263,0.4279754323328191,1.3333333333333333
55961.0,-0.6,0.7999999999999999,0.3640576474687264,0.2645033635316129,1.3333333333333333
55985.0,-0.6,0.7999999999999999,-0.45,5.51091059616309e-17,1.3333333333333333
56097.0,-0.6,0.7999999999999999,-0.1390576474687264,-0.4279754323328191,1.3333333333333333
56118.0,-0.6,0.7999999999999999,0.1390576474687262,-0.4279754323328191,1.3333333333333333
56161.0,-0.6,0.7999999999999999,0.3640576474687264,0.2645033635316129,1.3333333333333333
56181.0,-0.6,0.7999999999999999,0.3640576474687264,0.2645033635316129,1.3333333333333333
56656.0,-0.6,0.7999999999999999,-0.3640576474687264,-0.2645033635316128,1.3333333333333333
56690.0,-0.6,0.7999999999999999,0.45,0.0,1.3333333333333333
56760.0,-0.6,0.7999999999999999,0.45,0.0,1.3333333333333333
56877.0,-0.6,0.7999999999999999,-0.1390576474687264,-0.4279754323328191,1.3333333333333333
56926.0,-0.6,0.7999999999999999,-0.3640576474687264,-0.2645033635316128,1.3333333333333333
56956.0,-0.6,0.7999999999999999,-0.3640576474687264,-0.2645033635316128,1.3333333333333333
57168.0,-0.6,0.7999999999999999,0.1390576474687262,-0.4279754323328191,1.3333333333333333
57199.0,-0.6,0.7999999999999999,0.3640576474687263,-0.264503363531613,1.3333333333333333
57401.0,-0.6,0.7999999999999999,0.3640576474687264,0.2645033635316129,1.3333333333333333
57473.0,-0.6,0.7999999999999999,-0.1390576474687263,0.4279754323328191,1.3333333333333333
57525.0,-0.6,0.7999999999999999,-0.45,5.51091059616309e-17,1.3333333333333333
57532.0,-0.6,0.7999999999999999,0.1390576474687263,0.4279754323328191,1.3333333333333333
57552.0,-0.6,0.7999999999999999,0.1390576474687263,0.4279754323328191,1.3333333333333333
57612.0,-0.6,0.7999999999999999,0.1390576474687263,0.4279754323328191,1.3333333333333333
57645.0,-0.6,0.7999999999999999,-0.45,5.51091059616309e-17,1.3333333333333333
57665.0,-0.6,0.7999999999999999,-0.45,5.51091059616309e-17,1.3333333333333333
57737.0,-0.6,0.7999999999999999,-0.1390576474687264,-0.4279754323328191,1.3333333333333333
57756.0,-0.6,0.7999999999999999,-0.3640576474687264,-0.2645033635316128,1.3333333333333333
57791.0,-0.6,0.7999999999999999,0.3640576474687264,0.2645033635316129,1.3333333333333333
57849.0,-0.6,0.7999999999999999,0.3640576474687263,-0.264503363531613,1.3333333333333333
57904.0,-0.6,0.7999999999999999,-0.3640576474687263,0.2645033635316129,1.3333333333333333
57972.0,-0.6,0.7999999999999999,0.1390576474687263,0.4279754323328191,1.3333333333333333
58004.0,-0.6,0.7999999999999999,-0.3640576474687263,0.2645033635316129,1.3333333333333333
58027.0,-0.6,0.7999999999999999,-0.1390576474687264,-0.4279754323328191,1.3333333333333333
58146.0,-0.6,0.7999999999999999,-0.3640576474687264,-0.2645033635316128,1.3333333333333333
58208.0,-0.6,0.7999999999999999,0.1390576474687262,-0.4279754323328191,1.3333333333333333
58216.0,-0.6,0.7999999999999999,-0.3640576474687264,-0.2645033635316128,1.3333333333333333
58236.0,-0.6,0.7999999999999999,-0.3640576474687264,-0.2645033635316128,1.3333333333333333
58289.0,-0.6,0.7999999999999999,0.3640576474687263,-0.264503363531613,1.3333333333333333
58314.0,-0.6,0.7999999999999999,-0.3640576474687263,0.2645033635316129,1.3333333333333333
58454.0,-0.6,0.7999999999999999,-0.3640576474687263,0.2645033635316129,1.3333333333333333
58689.0,-0.6,0.7999999999999999,0.3640576474687263,-0.264503363531613,1.3333333333333333
59226.0,-0.6,0.7999999999999999,-0.3640576474687264,-0.2645033635316128,1.3333333333333333
59294.0,-0.6,0.7999999999999999,-0.3640576474687263,0.2645033635316129,1.3333333333333333
59437.0,-0.6,0.7999999999999999,-0.1390576474687264,-0.4279754323328191,1.3333333333333333
59442.0,-0.6,0.7999999999999999,0.1390576474687263,0.4279754323328191,1.3333333333333333
59447.0,-0.6,0.7999999999999999,-0.1390576474687264,-0.4279754323328191,1.3333333333333333
59545.0,-0.6,0.7999999999999999,-0.45,5.51091059616309e-17,1.3333333333333333
59615.0,-0.6,0.7999999999999999,-0.45,5.51091059616309e-17,1.3333333333333333
59621.0,-0.6,0.7999999999999999,0.3640576474687264,0.2645033635316129,1.3333333333333333
59625.0,-0.6,0.7999999999999999,-0.45,5.51091059616309e-17,1.3333333333333333
59700.0,-0.6,0.7999999999999999,0.45,0.0,1.3333333333333333
59780.0,-0.6,0.7999999999999999,0.45,0.0,1.3333333333333333
59907.0,-0.6,0.7999999999999999,-0.1390576474687264,-0.4279754323328191,1.3333333333333333
60122.0,-0.6,0.7999999999999999,0.1390576474687263,0.4279754323328191,1.3333333333333333
60171.0,-0.6,0.7999999999999999,0.3640576474687264,0.2645033635316129,1.3333333333333333
60177.0,-0.6,0.7999999999999999,-0.1390576474687264,-0.4279754323328191,1.3333333333333333
60256.0,-0.6,0.7999999999999999,-0.3640576474687264,-0.2645033635316128,1.3333333333333333
60476.0,-0.6,0.7999999999999999,-0.3640576474687264,-0.2645033635316128,1.3333333333333333
60662.0,-0.6,0.7999999999999999,0.1390576474687263,0.4279754323328191,1.3333333333333333
60748.0,-0.6,0.7999999999999999,0.1390576474687262,-0.4279754323328191,1.3333333333333333
60782.0,-0.6,0.7999999999999999,0.1390576474687263,0.4279754323328191,1.3333333333333333
60809.0,-0.6,0.7999999999999999,0.3640576474687263,-0.264503363531613,1.3333333333333333
60831.0,-0.6,0.7999999999999999,0.3640576474687264,0.2645033635316129,1.3333333333333333
60927.0,-0.6,0.7999999999999999,-0.1390576474687264,-0.4279754323328191,1.3333333333333333
60973.0,-0.6,0.7999999999999999,-0.1390576474687263,0.4279754323328191,1.3333333333333333
61037.0,-0.6,0.7999999999999999,-0.1390576474687264,-0.4279754323328191,1.3333333333333333
61042.0,-0.6,0.7999999999999999,0.1390576474687263,0.4279754323328191,1.3333333333333333
61082.0,-0.6,0.7999999999999999,0.1390576474687263,0.4279754323328191,1.3333333333333333
61090.0,-0.6,0.7999999999999999,0.45,0.0,1.3333333333333333
61101.0,-0.6,0.7999999999999999,0.3640576474687264,0.2645033635316129,1.3333333333333333
61440.0,-0.6,0.7999999999999999,0.45,0.0,1.3333333333333333
61503.0,-0.6,0.7999999999999999,-0.1390576474687263,0.4279754323328191,1.3333333333333333
61698.0,-0.6,0.7999999999999999,0.1390576474687262,-0.4279754323328191,1.3333333333333333
61724.0,-0.6,0.7999999999999999,-0.3640576474687263,0.2645033635316129,1.3333333333333333
61798.0,-0.6,0.7999999999999999,0.1390576474687262,-0.4279754323328191,1.3333333333333333
61807.0,-0.6,0.7999999999999999,-0.1390576474687264,-0.4279754323328191,1.3333333333333333
61840.0,-0.6,0.7999999999999999,0.45,0.0,1.3333333333333333
61887.0,-0.6,0.7999999999999999,-0.1390576474687264,-0.4279754323328191,1.3333333333333333
61936.0,-0.6,0.7999999999999999,-0.3640576474687264,-0.2645033635316128,1.3333333333333333
62061.0,-0.6,0.7999999999999999,0.3640576474687264,0.2645033635316129,1.3333333333333333
62077.0,-0.6,0.7999999999999999,-0.1390576474687264,-0.4279754323328191,1.3333333333333333
62109.0,-0.6,0.7999999999999999,0.3640576474687263,-0.264503363531613,1.3333333333333333
62121.0,-0.6,0.7999999999999999,0.3640576474687264,0.2645033635316129,1.3333333333333333
62125.0,-0.6,0.7999999999999999,-0.45,5.51091059616309e-17,1.3333333333333333
62129.0,-0.6,0.7999999999999999,0.3640576474687263,-0.264503363531613,1.3333333333333333
62133.0,-0.6,0.7999999999999999,-0.1390576474687263,0.4279754323328191,1.3333333333333333
62137.0,-0.6,0.7999999999999999,-0.1390576474687264,-0.4279754323328191,1.3333333333333333
62172.0,-0.6,0.7999999999999999,0.1390576474687263,0.4279754323328191,1.3333333333333333
62189.0,-0.6,0.7999999999999999,0.3640576474687263,-0.264503363531613,1.3333333333333333
62204.0,-0.6,0.7999999999999999,-0.3640576474687263,0.2645033635316129,1.3333333333333333
62215.0,-0.6,0.7999999999999999,-0.45,5.51091059616309e-17,1.3333333333333333
62225.0,-0.6,0.7999999999999999,-0.45,5.51091059616309e-17,1.3333333333333333
62268.0,-0.6,0.7999999999999999,0.1390576474687262,-0.4279754323328191,1.3333333333333333
62621.0,-0.6,0.7999999999999999,0.3640576474687264,0.2645033635316129,1.3333333333333333
62640.0,-0.6,0.7999999999999999,0.45,0.0,1.3333333333333333
62702.0,-0.6,0.7999999999999999,0.1390576474687263,0.4279754323328191,1.3333333333333333
62726.0,-0.6,0.7999999999999999,-0.3640576474687264,-0.2645033635316128,1.3333333333333333
62737.0,-0.6,0.7999999999999999,-0.1390576474687264,-0.4279754323328191,1.3333333333333333
62761.0,-0.6,0.7999999999999999,0.3640576474687264,0.2645033635316129,1.3333333333333333
62764.0,-0.6,0.7999999999999999,-0.3640576474687263,0.2645033635316129,1.3333333333333333
62906.0,-0.6,0.7999999999999999,-0.3640576474687264,-0.2645033635316128,1.3333333333333333
62912.0,-0.6,0.7999999999999999,0.1390576474687263,0.4279754323328191,1.3333333333333333
62946.0,-0.6,0.7999999999999999,-0.3640576474687264,-0.2645033635316128,1.3333333333333333
62968.0,-0.6,0.7999999999999999,0.1390576474687262,-0.4279754323328191,1.3333333333333333
63021.0,-0.6,0.7999999999999999,0.3640576474687264,0.2645033635316129,1.3333333333333333
63058.0,-0.6,0.7999999999999999,0.1390576474687262,-0.4279754323328191,1.3333333333333333
63073.0,-0.6,0.7999999999999999,-0.1390576474687263,0.4279754323328191,1.3333333333333333
63108.0,-0.6,0.7999999999999999,0.1390576474687262,-0.4279754323328191,1.3333333333333333
63162.0,-0.6,0.7999999999999999,0.1390576474687263,0.4279754323328191,1.3333333333333333
63203.0,-0.6,0.7999999999999999,-0.1390576474687263,0.4279754323328191,1.3333333333333333
63364.0,-0.6,0.7999999999999999,-0.3640576474687263,0.2645033635316129,1.3333333333333333
63373.0,-0.6,0.7999999999999999,-0.1390576474687263,0.4279754323328191,1.3333333333333333
63453.0,-0.6,0.7999999999999999,-0.1390576474687263,0.4279754323328191,1.3333333333333333
63727.0,-0.6,0.7999999999999999,-0.1390576474687264,-0.4279754323328191,1.3333333333333333
63841.0,-0.6,0.7999999999999999,0.3640576474687264,0.2645033635316129,1.3333333333333333
63858.0,-0.6,0.7999999999999999,0.1390576474687262,-0.4279754323328191,1.3333333333333333
63884.0,-0.6,0.7999999999999999,-0.3640576474687263,0.2645033635316129,1.3333333333333333
63894.0,-0.6,0.7999999999999999,-0.3640576474687263,0.2645033635316129,1.3333333333333333
64101.0,-0.6,0.7999999999999999,0.3640576474687264,0.2645033635316129,1.3333333333333333
64138.0,-0.6,0.7999999999999999,0.1390576474687262,-0.4279754323328191,1.3333333333333333
64284.0,-0.6,0.7999999999999999,-0.3640576474687263,0.2645033635316129,1.3333333333333333
64335.0,-0.6,0.7999999999999999,-0.45,5.51091059616309e-17,1.3333333333333333
64428.0,-0.6,0.7999999999999999,0.1390576474687262,-0.4279754323328191,1.3333333333333333
64895.0,-0.6,0.7999999999999999,-0.45,5.51091059616309e-17,1.3333333333333333
64902.0,-0.6,0.7999999999999999,0.1390576474687263,0.4279754323328191,1.3333333333333333
64915.0,-0.6,0.7999999999999999,-0.45,5.51091059616309e-17,1.3333333333333333
64918.0,-0.6,0.7999999999999999,0.1390576474687262,-0.4279754323328191,1.3333333333333333
64930.0,-0.6,0.7999999999999999,0.45,0.0,1.3333333333333333
64981.0,-0.6,0.7999999999999999,0.3640576474687264,0.2645033635316129,1.3333333333333333
65069.0,-0.6,0.7999999999999999,0.3640576474687263,-0.264503363531613,1.3333333333333333
65116.0,-0.6,0.7999999999999999,-0.3640576474687264,-0.2645033635316128,1.3333333333333333
65125.0,-0.6,0.7999999999999999,-0.45,5.51091059616309e-17,1.3333333333333333
65141.0,-0.6,0.7999999999999999,0.3640576474687264,0.2645033635316129,1.3333333333333333
65225.0,-0.6,0.7999999999999999,-0.45,5.51091059616309e-17,1.3333333333333333
65312.0,-0.6,0.7999999999999999,0.1390576474687263,0.4279754323328191,1.3333333333333333
65402.0,-0.6,0.7999999999999999,0.1390576474687263,0.4279754323328191,1.3333333333333333
65600.0,-0.6,0.7999999999999999,0.45,0.0,1.3333333333333333
65866.0,-0.6,0.7999999999999999,-0.3640576474687264,-0.2645033635316128,1.3333333333333333
65879.0,-0.6,0.7999999999999999,0.3640576474687263,-0.264503363531613,1.3333333333333333
65902.0,-0.6,0.7999999999999999,0.1390576474687263,0.4279754323328191,1.3333333333333333
65977.0,-0.6,0.7999999999999999,-0.1390576474687264,-0.4279754323328191,1.3333333333333333
65994.0,-0.6,0.7999999999999999,-0.3640576474687263,0.2645033635316129,1.3333333333333333
66028.0,-0.6,0.7999999999999999,0.1390576474687262,-0.4279754323328191,1.3333333333333333
66060.0,-0.6,0.7999999999999999,0.45,0.0,1.3333333333333333
66125.0,-0.6,0.7999999999999999,-0.45,5.51091059616309e-17,1.3333333333333333
66142.0,-0.6,0.7999999999999999,0.1390576474687263,0.4279754323328191,1.3333333333333333
66170.0,-0.6,0.7999999999999999,0.45,0.0,1.3333333333333333
66204.0,-0.6,0.7999999999999999,-0.3640576474687263,0.2645033635316129,1.3333333333333333
66290.0,-0.6,0.7999999999999999,0.45,0.0,1.3333333333333333
66307.0,-0.6,0.7999999999999999,-0.1390576474687264,-0.4279754323328191,1.3333333333333333
66318.0,-0.6,0.7999999999999999,0.1390576474687262,-0.4279754323328191,1.3333333333333333
66340.0,-0.6,0.7999999999999999,0.45,0.0,1.3333333333333333
66346.0,-0.6,0.7999999999999999,-0.3640576474687264,-0.2645033635316128,1.3333333333333333
66409.0,-0.6,0.7999999999999999,0.3640576474687263,-0.264503363531613,1.3333333333333333
66534.0,-0.6,0.7999999999999999,-0.3640576474687263,0.2645033635316129,1.3333333333333333
66543.0,-0.6,0.7999999999999999,-0.1390576474687263,0.4279754323328191,1.3333333333333333
66624.0,-0.6,0.7999999999999999,-0.3640576474687263,0.2645033635316129,1.3333333333333333
66705.0,-0.6,0.7999999999999999,-0.45,5.51091059616309e-17,1.3333333333333333
66715.0,-0.6,0.7999999999999999,-0.45,5.51091059616309e-17,1.3333333333333333
66744.0,-0.6,0.7999999999999999,-0.3640576474687263,0.2645033635316129,1.3333333333333333
66751.0,-0.6,0.7999999999999999,0.3640576474687264,0.2645033635316129,1.3333333333333333
66775.0,-0.6,0.7999999999999999,-0.45,5.51091059616309e-17,1.3333333333333333
66806.0,-0.6,0.7999999999999999,-0.3640576474687264,-0.2645033635316128,1.3333333333333333
66988.0,-0.6,0.7999999999999999,0.1390576474687262,-0.4279754323328191,1.3333333333333333
66997.0,-0.6,0.7999999999999999,-0.1390576474687264,-0.4279754323328191,1.3333333333333333
67042.0,-0.6,0.7999999999999999,0.1390576474687263,0.4279754323328191,1.3333333333333333
67203.0,-0.6,0.7999999999999999,-0.1390576474687263,0.4279754323328191,1.3333333333333333
67206.0,-0.6,0.7999999999999999,-0.3640576474687264,-0.2645033635316128,1.3333333333333333
67221.0,-0.6,0.7999999999999999,0.3640576474687264,0.2645033635316129,1.3333333333333333
67272.0,-0.6,0.7999999999999999,0.1390576474687263,0.4279754323328191,1.3333333333333333
67275.0,-0.6,0.7999999999999999,-0.45,5.51091059616309e-17,1.3333333333333333
67290.0,-0.6,0.7999999999999999,0.45,0.0,1.3333333333333333
67299.0,-0.6,0.7999999999999999,0.3640576474687263,-0.264503363531613,1.3333333333333333
67366.0,-0.6,0.7999999999999999,-0.3640576474687264,-0.2645033635316128,1.3333333333333333
67377.0,-0.6,0.7999999999999999,-0.1390576474687264,-0.4279754323328191,1.3333333333333333
67422.0,-0.6,0.7999999999999999,0.1390576474687263,0.4279754323328191,1.3333333333333333
67445.0,-0.6,0.7999999999999999,-0.45,5.51091059616309e-17,1.3333333333333333
67514.0,-0.6,0.7999999999999999,-0.3640576474687263,0.2645033635316129,1.3333333333333333
67599.0,-0.6,0.7999999999999999,0.3640576474687263,-0.264503363531613,1.3333333333333333
67682.0,-0.6,0.7999999999999999,0.1390576474687263,0.4279754323328191,1.3333333333333333
67801.0,-0.6,0.7999999999999999,0.3640576474687264,0.2645033635316129,1.3333333333333333
67811.0,-0.6,0.7999999999999999,0.3640576474687264,0.2645033635316129,1.3333333333333333
67843.0,-0.6,0.7999999999999999,-0.1390576474687263,0.4279754323328191,1.3333333333333333
67925.0,-0.6,0.7999999999999999,-0.45,5.51091059616309e-17,1.3333333333333333
68036.0,-0.6,0.7999999999999999,-0.3640576474687264,-0.2645033635316128,1.3333333333333333
68240.0,-0.6,0.7999999999999999,0.45,0.0,1.3333333333333333
68381.0,-0.6,0.7999999999999999,0.3640576474687264,0.2645033635316129,1.3333333333333333
68522.0,-0.6,0.7999999999999999,0.1390576474687263,0.4279754323328191,1.3333333333333333
68607.0,-0.6,0.7999999999999999,-0.1390576474687264,-0.4279754323328191,1.3333333333333333
68675.0,-0.6,0.7999999999999999,-0.45,5.51091059616309e-17,1.3333333333333333
68767.0,-0.6,0.7999999999999999,-0.1390576474687264,-0.4279754323328191,1.3333333333333333
68770.0,-0.6,0.7999999999999999,0.45,0.0,1.3333333333333333
68902.0,-0.6,0.7999999999999999,0.1390576474687263,0.4279754323328191,1.3333333333333333
68998.0,-0.6,0.7999999999999999,0.1390576474687262,-0.4279754323328191,1.3333333333333333
69031.0,-0.6,0.7999999999999999,0.3640576474687264,0.2645033635316129,1.3333333333333333
69037.0,-0.6,0.7999999999999999,-0.1390576474687264,-0.4279754323328191,1.3333333333333333
69099.0,-0.6,0.7999999999999999,0.3640576474687263,-0.264503363531613,1.3333333333333333
69136.0,-0.6,0.7999999999999999,-0.3640576474687264,-0.2645033635316128,1.3333333333333333
69186.0,-0.6,0.7999999999999999,-0.3640576474687264,-0.2645033635316128,1.3333333333333333
69219.0,-0.6,0.7999999999999999,0.3640576474687263,-0.264503363531613,1.3333333333333333
69327.0,-0.6,0.7999999999999999,-0.1390576474687264,-0.4279754323328191,1.3333333333333333
69331.0,-0.6,0.7999999999999999,0.3640576474687264,0.2645033635316129,1.3333333333333333
69474.0,-0.6,0.7999999999999999,-0.3640576474687263,0.2645033635316129,1.3333333333333333
69580.0,-0.6,0.7999999999999999,0.45,0.0,1.3333333333333333
69681.0,-0.6,0.7999999999999999,0.3640576474687264,0.2645033635316129,1.3333333333333333
69689.0,-0.6,0.7999999999999999,0.3640576474687263,-0.264503363531613,1.3333333333333333
69692.0,-0.6,0.7999999999999999,0.1390576474687263,0.4279754323328191,1.3333333333333333
69701.0,-0.6,0.7999999999999999,0.3640576474687264,0.2645033635316129,1.3333333333333333
69805.0,-0.6,0.7999999999999999,-0.45,5.51091059616309e-17,1.3333333333333333
69863.0,-0.6,0.7999999999999999,-0.1390576474687263,0.4279754323328191,1.3333333333333333
69880.0,-0.6,0.7999999999999999,0.45,0.0,1.3333333333333333
69908.0,-0.6,0.7999999999999999,0.1390576474687262,-0.4279754323328191,1.3333333333333333
70028.0,-0.6,0.7999999999999999,0.1390576474687262,-0.4279754323328191,1.3333333333333333
70045.0,-0.6,0.7999999999999999,-0.45,5.51091059616309e-17,1.3333333333333333
70078.0,-0.6,0.7999999999999999,0.1390576474687262,-0.4279754323328191,1.3333333333333333
70143.0,-0.6,0.7999999999999999,-0.1390576474687263,0.4279754323328191,1.3333333333333333
70572.0,-0.6,0.7999999999999999,0.1390576474687263,0.4279754323328191,1.3333333333333333
70632.0,-0.6,0.7999999999999999,0.1390576474687263,0.4279754323328191,1.3333333333333333
70681.0,-0.6,0.7999999999999999,0.3640576474687264,0.2645033635316129,1.3333333333333333
70689.0,-0.6,0.7999999999999999,0.3640576474687263,-0.264503363531613,1.3333333333333333
70707.0,-0.6,0.7999999999999999,-0.1390576474687264,-0.4279754323328191,1.3333333333333333
70903.0,-0.6,0.7999999999999999,-0.1390576474687263,0.4279754323328191,1.3333333333333333
71079.0,-0.6,0.7999999999999999,0.3640576474687263,-0.264503363531613,1.3333333333333333
71114.0,-0.6,0.7999999999999999,-0.3640576474687263,0.2645033635316129,1.3333333333333333
71244.0,-0.6,0.7999999999999999,-0.3640576474687263,0.2645033635316129,1.3333333333333333
71263.0,-0.6,0.7999999999999999,-0.1390576474687263,0.4279754323328191,1.3333333333333333
71270.0,-0.6,0.7999999999999999,0.45,0.0,1.3333333333333333
71400.0,-0.6,0.7999999999999999,0.45,0.0,1.3333333333333333
71404.0,-0.6,0.7999999999999999,-0.3640576474687263,0.2645033635316129,1.3333333333333333
71419.0,-0.6,0.7999999999999999,0.3640576474687263,-0.264503363531613,1.3333333333333333
71425.0,-0.6,0.7999999999999999,-0.45,5.51091059616309e-17,1.3333333333333333
71452.0,-0.6,0.7999999999999999,0.1390576474687263,0.4279754323328191,1.3333333333333333
71482.0,-0.6,0.7999999999999999,0.1390576474687263,0.4279754323328191,1.3333333333333333
71622.0,-0.6,0.7999999999999999,0.1390576474687263,0.4279754323328191,1.3333333333333333
71653.0,-0.6,0.7999999999999999,-0.1390576474687263,0.4279754323328191,1.3333333333333333
71799.0,-0.6,0.7999999999999999,0.3640576474687263,-0.264503363531613,1.3333333333333333
72090.0,-0.6,0.7999999999999999,0.45,0.0,1.3333333333333333
72138.0,-0.6,0.7999999999999999,0.1390576474687262,-0.4279754323328191,1.3333333333333333
72172.0,-0.6,0.7999999999999999,0.1390576474687263,0.4279754323328191,1.3333333333333333
72306.0,-0.6,0.7999999999999999,-0.3640576474687264,-0.2645033635316128,1.3333333333333333
72324.0,-0.6,0.7999999999999999,-0.3640576474687263,0.2645033635316129,1.3333333333333333
72329.0,-0.6,0.7999999999999999,0.3640576474687263,-0.264503363531613,1.3333333333333333
72382.0,-0.6,0.7999999999999999,0.1390576474687263,0.4279754323328191,1.3333333333333333
72396.0,-0.6,0.7999999999999999,-0.3640576474687264,-0.2645033635316128,1.3333333333333333
72400.0,-0.6,0.7999999999999999,0.45,0.0,1.3333333333333333
72573.0,-0.6,0.7999999999999999,-0.1390576474687263,0.4279754323328191,1.3333333333333333
72734.0,-0.6,0.7999999999999999,-0.3640576474687263,0.2645033635316129,1.3333333333333333
72747.0,-0.6,0.7999999999999999,-0.1390576474687264,-0.4279754323328191,1.3333333333333333
72756.0,-0.6,0.7999999999999999,-0.3640576474687264,-0.2645033635316128,1.3333333333333333
72774.0,-0.6,0.7999999999999999,-0.3640576474687263,0.2645033635316129,1.3333333333333333
72916.0,-0.6,0.7999999999999999,-0.3640576474687264,-0.2645033635316128,1.3333333333333333
73069.0,-0.6,0.7999999999999999,0.3640576474687263,-0.264503363531613,1.3333333333333333
73095.0,-0.6,0.7999999999999999,-0.45,5.51091059616309e-17,1.3333333333333333
73112.0,-0.6,0.7999999999999999,0.1390576474687263,0.4279754323328191,1.3333333333333333
73119.0,-0.6,0.7999999999999999,0.3640576474687263,-0.264503363531613,1.3333333333333333
73277.0,-0.6,0.7999999999999999,-0.1390576474687264,-0.4279754323328191,1.3333333333333333
73281.0,-0.6,0.7999999999999999,0.3640576474687264,0.2645033635316129,1.3333333333333333
73370.0,-0.6,0.7999999999999999,0.45,0.0,1.3333333333333333
73408.0,-0.6,0.7999999999999999,0.1390576474687262,-0.4279754323328191,1.3333333333333333
73502.0,-0.6,0.7999999999999999,0.1390576474687263,0.4279754323328191,1.3333333333333333
73591.0,-0.6,0.7999999999999999,0.3640576474687264,0.2645033635316129,1.3333333333333333
73750.0,-0.6,0.7999999999999999,0.45,0.0,1.3333333333333333
74058.0,-0.6,0.7999999999999999,0.1390576474687262,-0.4279754323328191,1.3333333333333333
74068.0,-0.6,0.7999999999999999,0.1390576474687262,-0.4279754323328191,1.3333333333333333
74097.0,-0.6,0.7999999999999999,-0.1390576474687264,-0.4279754323328191,1.3333333333333333
74163.0,-0.6,0.7999999999999999,-0.1390576474687263,0.4279754323328191,1.3333333333333333
74284.0,-0.6,0.7999999999999999,-0.3640576474687263,0.2645033635316129,1.3333333333333333
74305.0,-0.6,0.7999999999999999,-0.45,5.51091059616309e-17,1.3333333333333333
74356.0,-0.6,0.7999999999999999,-0.3640576474687264,-0.2645033635316128,1.3333333333333333
74378.0,-0.6,0.7999999999999999,0.1390576474687262,-0.4279754323328191,1.3333333333333333
74454.0,-0.6,0.7999999999999999,-0.3640576474687263,0.2645033635316129,1.3333333333333333
74493.0,-0.6,0.7999999999999999,-0.1390576474687263,0.4279754323328191,1.3333333333333333
74563.0,-0.6,0.7999999999999999,-0.1390576474687263,0.4279754323328191,1.3333333333333333
74614.0,-0.6,0.7999999999999999,-0.3640576474687263,0.2645033635316129,1.3333333333333333
74623.0,-0.6,0.7999999999999999,-0.1390576474687263,0.4279754323328191,1.3333333333333333
74709.0,-0.6,0.7999999999999999,0.3640576474687263,-0.264503363531613,1.3333333333333333
74728.0,-0.6,0.7999999999999999,0.1390576474687262,-0.4279754323328191,1.3333333333333333
74805.0,-0.6,0.7999999999999999,-0.45,5.51091059616309e-17,1.3333333333333333
74845.0,-0.6,0.7999999999999999,-0.45,5.51091059616309e-17,1.3333333333333333
74852.0,-0.6,0.7999999999999999,0.1390576474687263,0.4279754323328191,1.3333333333333333
74916.0,-0.6,0.7999999999999999,-0.3640576474687264,-0.2645033635316128,1.3333333333333333
75130.0,-0.6,0.7999999999999999,0.45,0.0,1.3333333333333333
75296.0,-0.6,0.7999999999999999,-0.3640576474687264,-0.2645033635316128,1.3333333333333333
75329.0,-0.6,0.7999999999999999,0.3640576474687263,-0.264503363531613,1.3333333333333333
75453.0,-0.6,0.7999999999999999,-0.1390576474687263,0.4279754323328191,1.3333333333333333
75495.0,-0.6,0.7999999999999999,-0.45,5.51091059616309e-17,1.3333333333333333
75600.0,-0.6,0.7999999999999999,0.45,0.0,1.3333333333333333
75656.0,-0.6,0.7999999999999999,-0.3640576474687264,-0.2645033635316128,1.3333333333333333
75662.0,-0.6,0.7999999999999999,0.1390576474687263,0.4279754323328191,1.3333333333333333
75704.0,-0.6,0.7999999999999999,-0.3640576474687263,0.2645033635316129,1.3333333333333333
75766.0,-0.6,0.7999999999999999,-0.3640576474687264,-0.2645033635316128,1.3333333333333333
75806.0,-0.6,0.7999999999999999,-0.3640576474687264,-0.2645033635316128,1.3333333333333333
75820.0,-0.6,0.7999999999999999,0.45,0.0,1.3333333333333333
75868.0,-0.6,0.7999999999999999,0.1390576474687262,-0.4279754323328191,1.3333333333333333
75933.0,-0.6,0.7999999999999999,-0.1390576474687263,0.4279754323328191,1.3333333333333333
75944.0,-0.6,0.7999999999999999,-0.3640576474687263,0.2645033635316129,1.3333333333333333
75978.0,-0.6,0.7999999999999999,0.1390576474687262,-0.4279754323328191,1.3333333333333333
76086.0,-0.6,0.7999999999999999,-0.3640576474687264,-0.2645033635316128,1.3333333333333333
76111.0,-0.6,0.7999999999999999,0.3640576474687264,0.2645033635316129,1.3333333333333333
76154.0,-0.6,0.7999999999999999,-0.3640576474687263,0.2645033635316129,1.3333333333333333
76303.0,-0.6,0.7999999999999999,-0.1390576474687263,0.4279754323328191,1.3333333333333333
76312.0,-0.6,0.7999999999999999,0.1390576474687263,0.4279754323328191,1.3333333333333333
76316.0,-0.6,0.7999999999999999,-0.3640576474687264,-0.2645033635316128,1.3333333333333333
76509.0,-0.6,0.7999999999999999,0.3640576474687263,-0.264503363531613,1.3333333333333333
76552.0,-0.6,0.7999999999999999,0.1390576474687263,0.4279754323328191,1.3333333333333333
76675.0,-0.6,0.7999999999999999,-0.45,5.51091059616309e-17,1.3333333333333333
76690.0,-0.6,0.7999999999999999,0.45,0.0,1.3333333333333333
76825.0,-0.6,0.7999999999999999,-0.45,5.51091059616309e-17,1.3333333333333333
76833.0,-0.6,0.7999999999999999,-0.1390576474687263,0.4279754323328191,1.3333333333333333
77197.0,-0.6,0.7999999999999999,-0.1390576474687264,-0.4279754323328191,1.3333333333333333
77227.0,-0.6,0.7999999999999999,-0.1390576474687264,-0.4279754323328191,1.3333333333333333
77542.0,-0.6,0.7999999999999999,0.1390576474687263,0.4279754323328191,1.3333333333333333
77611.0,-0.6,0.7999999999999999,0.3640576474687264,0.2645033635316129,1.3333333333333333
77914.0,-0.6,0.7999999999999999,-0.3640576474687263,0.2645033635316129,1.3333333333333333
77975.0,-0.6,0.7999999999999999,-0.45,5.51091059616309e-17,1.3333333333333333
78016.0,-0.6,0.7999999999999999,-0.3640576474687264,-0.2645033635316128,1.3333333333333333
78158.0,-0.6,0.7999999999999999,0.1390576474687262,-0.4279754323328191,1.3333333333333333
78284.0,-0.6,0.7999999999999999,-0.3640576474687263,0.2645033635316129,1.3333333333333333
78325.0,-0.6,0.7999999999999999,-0.45,5.51091059616309e-17,1.3333333333333333
78336.0,-0.6,0.7999999999999999,-0.3640576474687264,-0.2645033635316128,1.3333333333333333
78392.0,-0.6,0.7999999999999999,0.1390576474687263,0.4279754323328191,1.3333333333333333
78449.0,-0.6,0.7999999999999999,0.3640576474687263,-0.264503363531613,1.3333333333333333
78484.0,-0.6,0.7999999999999999,-0.3640576474687263,0.2645033635316129,1.3333333333333333
78622.0,-0.6,0.7999999999999999,0.1390576474687263,0.4279754323328191,1.3333333333333333
78990.0,-0.6,0.7999999999999999,0.45,0.0,1.3333333333333333
79010.0,-0.6,0.7999999999999999,0.45,0.0,1.3333333333333333
79083.0,-0.6,0.7999999999999999,-0.1390576474687263,0.4279754323328191,1.3333333333333333
79155.0,-0.6,0.7999999999999999,-0.45,5.51091059616309e-17,1.3333333333333333
79205.0,-0.6,0.7999999999999999,-0.45,5.51091059616309e-17,1.3333333333333333
79223.0,-0.6,0.7999999999999999,-0.1390576474687263,0.4279754323328191,1.3333333333333333
79253.0,-0.6,0.7999999999999999,-0.1390576474687263,0.4279754323328191,1.3333333333333333
79296.0,-0.6,0.7999999999999999,-0.3640576474687264,-0.2645033635316128,1.3333333333333333
79323.0,-0.6,0.7999999999999999,-0.1390576474687263,0.4279754323328191,1.3333333333333333
79334.0,-0.6,0.7999999999999999,-0.3640576474687263,0.2645033635316129,1.3333333333333333
79360.0,-0.6,0.7999999999999999,0.45,0.0,1.3333333333333333
79381.0,-0.6,0.7999999999999999,0.3640576474687264,0.2645033635316129,1.3333333333333333
79495.0,-0.6,0.7999999999999999,-0.45,5.51091059616309e-17,1.3333333333333333
79519.0,-0.6,0.7999999999999999,0.3640576474687263,-0.264503363531613,1.3333333333333333
79669.0,-0.6,0.7999999999999999,0.3640576474687263,-0.264503363531613,1.3333333333333333
79716.0,-0.6,0.7999999999999999,-0.3640576474687264,-0.2645033635316128,1.3333333333333333
79738.0,-0.6,0.7999999999999999,0.1390576474687262,-0.4279754323328191,1.3333333333333333
79826.0,-0.6,0.7999999999999999,-0.3640576474687264,-0.2645033635316128,1.3333333333333333
79909.0,-0.6,0.7999999999999999,0.3640576474687263,-0.264503363531613,1.3333333333333333
80585.0,-0.6,0.7999999999999999,-0.45,5.51091059616309e-17,1.3333333333333333
80653.0,-0.6,0.7999999999999999,-0.1390576474687263,0.4279754323328191,1.3333333333333333
81014.0,-0.6,0.7999999999999999,-0.3640576474687263,0.2645033635316129,1.3333333333333333
81023.0,-0.6,0.7999999999999999,-0.1390576474687263,0.4279754323328191,1.3333333333333333
81070.0,-0.6,0.7999999999999999,0.45,0.0,1.3333333333333333
81314.0,-0.6,0.7999999999999999,-0.3640576474687263,0.2645033635316129,1.3333333333333333
81466.0,-0.6,0.7999999999999999,-0.3640576474687264,-0.2645033635316128,1.3333333333333333
81483.0,-0.6,0.7999999999999999,-0.1390576474687263,0.4279754323328191,1.3333333333333333
81773.0,-0.6,0.7999999999999999,-0.1390576474687263,0.4279754323328191,1.3333333333333333
81792.0,-0.6,0.7999999999999999,0.1390576474687263,0.4279754323328191,1.3333333333333333
81806.0,-0.6,0.7999999999999999,-0.3640576474687264,-0.2645033635316128,1.3333333333333333
81883.0,-0.6,0.7999999999999999,-0.1390576474687263,0.4279754323328191,1.3333333333333333
81923.0,-0.6,0.7999999999999999,-0.1390576474687263,0.4279754323328191,1.3333333333333333
81942.0,-0.6,0.7999999999999999,0.1390576474687263,0.4279754323328191,1.3333333333333333
81946.0,-0.6,0.7999999999999999,-0.3640576474687264,-0.2645033635316128,1.3333333333333333
82252.0,-0.6,0.7999999999999999,0.1390576474687263,0.4279754323328191,1.3333333333333333
82313.0,-0.6,0.7999999999999999,-0.1390576474687263,0.4279754323328191,1.3333333333333333
82441.0,-0.6,0.7999999999999999,0.3640576474687264,0.2645033635316129,1.3333333333333333
82493.0,-0.6,0.7999999999999999,-0.1390576474687263,0.4279754323328191,1.3333333333333333
82515.0,-0.6,0.7999999999999999,-0.45,5.51091059616309e-17,1.3333333333333333
82548.0,-0.6,0.7999999999999999,0.1390576474687262,-0.4279754323328191,1.3333333333333333
82602.0,-0.6,0.7999999999999999,0.1390576474687263,0.4279754323328191,1.3333333333333333
82669.0,-0.6,0.7999999999999999,0.3640576474687263,-0.264503363531613,1.3333333333333333
82673.0,-0.6,0.7999999999999999,-0.1390576474687263,0.4279754323328191,1.3333333333333333
82715.0,-0.6,0.7999999999999999,-0.45,5.51091059616309e-17,1.3333333333333333
82762.0,-0.6,0.7999999999999999,0.1390576474687263,0.4279754323328191,1.3333333333333333
82772.0,-0.6,0.7999999999999999,0.1390576474687263,0.4279754323328191,1.3333333333333333
82986.0,-0.6,0.7999999999999999,-0.3640576474687264,-0.2645033635316128,1.3333333333333333
83019.0,-0.6,0.7999999999999999,0.3640576474687263,-0.264503363531613,1.3333333333333333
83103.0,-0.6,0.7999999999999999,-0.1390576474687263,0.4279754323328191,1.3333333333333333
83181.0,-0.6,0.7999999999999999,0.3640576474687264,0.2645033635316129,1.3333333333333333
83192.0,-0.6,0.7999999999999999,0.1390576474687263,0.4279754323328191,1.3333333333333333
83309.0,-0.6,0.7999999999999999,0.3640576474687263,-0.264503363531613,1.3333333333333333
83335.0,-0.6,0.7999999999999999,-0.45,5.51091059616309e-17,1.3333333333333333
83356.0,-0.6,0.7999999999999999,-0.3640576474687264,-0.2645033635316128,1.3333333333333333
83516.0,-0.6,0.7999999999999999,-0.3640576474687264,-0.2645033635316128,1.3333333333333333
83685.0,-0.6,0.7999999999999999,-0.45,5.51091059616309e-17,1.3333333333333333
83867.0,-0.6,0.7999999999999999,-0.1390576474687264,-0.4279754323328191,1.3333333333333333
83984.0,-0.6,0.7999999999999999,-0.3640576474687263,0.2645033635316129,1.3333333333333333
84108.0,-0.6,0.7999999999999999,0.1390576474687262,-0.4279754323328191,1.3333333333333333
84111.0,-0.6,0.7999999999999999,0.3640576474687264,0.2645033635316129,1.3333333333333333
84220.0,-0.6,0.7999999999999999,0.45,0.0,1.3333333333333333
84318.0,-0.6,0.7999999999999999,0.1390576474687262,-0.4279754323328191,1.3333333333333333
84433.0,-0.6,0.7999999999999999,-0.1390576474687263,0.4279754323328191,1.3333333333333333
84522.0,-0.6,0.7999999999999999,0.1390576474687263,0.4279754323328191,1.3333333333333333
84628.0,-0.6,0.7999999999999999,0.1390576474687262,-0.4279754323328191,1.3333333333333333
84684.0,-0.6,0.7999999999999999,-0.3640576474687263,0.2645033635316129,1.3333333333333333
84947.0,-0.6,0.7999999999999999,-0.1390576474687264,-0.4279754323328191,1.3333333333333333
84957.0,-0.6,0.7999999999999999,-0.1390576474687264,-0.4279754323328191,1.3333333333333333
85264.0,-0.6,0.7999999999999999,-0.3640576474687263,0.2645033635316129,1.3333333333333333
85281.0,-0.6,0.7999999999999999,0.3640576474687264,0.2645033635316129,1.3333333333333333
85300.0,-0.6,0.7999999999999999,0.45,0.0,1.3333333333333333
85345.0,-0.6,0.7999999999999999,-0.45,5.51091059616309e-17,1.3333333333333333
85592.0,-0.6,0.7999999999999999,0.1390576474687263,0.4279754323328191,1.3333333333333333
85878.0,-0.6,0.7999999999999999,0.1390576474687262,-0.4279754323328191,1.3333333333333333
86188.0,-0.6,0.7999999999999999,0.1390576474687262,-0.4279754323328191,1.3333333333333333
86517.0,-0.6,0.7999999999999999,-0.1390576474687264,-0.4279754323328191,1.3333333333333333
86536.0,-0.6,0.7999999999999999,-0.3640576474687264,-0.2645033635316128,1.3333333333333333
86543.0,-0.6,0.7999999999999999,-0.1390576474687263,0.4279754323328191,1.3333333333333333
86571.0,-0.6,0.7999999999999999,0.3640576474687264,0.2645033635316129,1.3333333333333333
86821.0,-0.6,0.7999999999999999,0.3640576474687264,0.2645033635316129,1.3333333333333333
86836.0,-0.6,0.7999999999999999,-0.3640576474687264,-0.2645033635316128,1.3333333333333333
86848.0,-0.6,0.7999999999999999,0.1390576474687262,-0.4279754323328191,1.3333333333333333
86931.0,-0.6,0.7999999999999999,0.3640576474687264,0.2645033635316129,1.3333333333333333
87131.0,-0.6,0.7999999999999999,0.3640576474687264,0.2645033635316129,1.3333333333333333
87158.0,-0.6,0.7999999999999999,0.1390576474687262,-0.4279754323328191,1.3333333333333333
87248.0,-0.6,0.7999999999999999,0.1390576474687262,-0.4279754323328191,1.3333333333333333
87261.0,-0.6,0.7999999999999999,0.3640576474687264,0.2645033635316129,1.3333333333333333
87289.0,-0.6,0.7999999999999999,0.3640576474687263,-0.264503363531613,1.3333333333333333
87448.0,-0.6,0.7999999999999999,0.1390576474687262,-0.4279754323328191,1.3333333333333333
87597.0,-0.6,0.7999999999999999,-0.1390576474687264,-0.4279754323328191,1.3333333333333333
87660.0,-0.6,0.7999999999999999,0.45,0.0,1.3333333333333333
87719.0,-0.6,0.7999999999999999,0.3640576474687263,-0.264503363531613,1.3333333333333333
87730.0,-0.6,0.7999999999999999,0.45,0.0,1.3333333333333333
87821.0,-0.6,0.7999999999999999,0.3640576474687264,0.2645033635316129,1.3333333333333333
87929.0,-0.6,0.7999999999999999,0.3640576474687263,-0.264503363531613,1.3333333333333333
87955.0,-0.6,0.7999999999999999,-0.45,5.51091059616309e-17,1.3333333333333333
88211.0,-0.6,0.7999999999999999,0.3640576474687264,0.2645033635316129,1.3333333333333333
88405.0,-0.6,0.7999999999999999,-0.45,5.51091059616309e-17,1.3333333333333333
88425.0,-0.6,0.7999999999999999,-0.45,5.51091059616309e-17,1.3333333333333333
88519.0,-0.6,0.7999999999999999,0.3640576474687263,-0.264503363531613,1.3333333333333333
88575.0,-0.6,0.7999999999999999,-0.45,5.51091059616309e-17,1.3333333333333333
88650.0,-0.6,0.7999999999999999,0.45,0.0,1.3333333333333333
88687.0,-0.6,0.7999999999999999,-0.1390576474687264,-0.4279754323328191,1.3333333333333333
88729.0,-0.6,0.7999999999999999,0.3640576474687263,-0.264503363531613,1.3333333333333333
88890.0,-0.6,0.7999999999999999,0.45,0.0,1.3333333333333333
89215.0,-0.6,0.7999999999999999,-0.45,5.51091059616309e-17,1.3333333333333333
89350.0,-0.6,0.7999999999999999,0.45,0.0,1.3333333333333333
89388.0,-0.6,0.7999999999999999,0.1390576474687262,-0.4279754323328191,1.3333333333333333
89552.0,-0.6,0.7999999999999999,0.1390576474687263,0.4279754323328191,1.3333333333333333
89585.0,-0.6,0.7999999999999999,-0.45,5.51091059616309e-17,1.3333333333333333
89779.0,-0.6,0.7999999999999999,0.3640576474687263,-0.264503363531613,1.3333333333333333
90033.0,-0.6,0.7999999999999999,-0.1390576474687263,0.4279754323328191,1.3333333333333333
90086.0,-0.6,0.7999999999999999,-0.3640576474687264,-0.2645033635316128,1.3333333333333333
90160.0,-0.6,0.7999999999999999,0.45,0.0,1.3333333333333333
90295.0,-0.6,0.7999999999999999,-0.45,5.51091059616309e-17,1.3333333333333333
90414.0,-0.6,0.7999999999999999,-0.3640576474687263,0.2645033635316129,1.3333333333333333
90467.0,-0.6,0.7999999999999999,-0.1390576474687264,-0.4279754323328191,1.3333333333333333
90498.0,-0.6,0.7999999999999999,0.1390576474687262,-0.4279754323328191,1.3333333333333333
90536.0,-0.6,0.7999999999999999,-0.3640576474687264,-0.2645033635316128,1.3333333333333333
90646.0,-0.6,0.7999999999999999,-0.3640576474687264,-0.2645033635316128,1.3333333333333333
90692.0,-0.6,0.7999999999999999,0.1390576474687263,0.4279754323328191,1.3333333333333333
90729.0,-0.6,0.7999999999999999,0.3640576474687263,-0.264503363531613,1.3333333333333333
90791.0,-0.6,0.7999999999999999,0.3640576474687264,0.2645033635316129,1.3333333333333333
90864.0,-0.6,0.7999999999999999,-0.3640576474687263,0.2645033635316129,1.3333333333333333
90876.0,-0.6,0.7999999999999999,-0.3640576474687264,-0.2645033635316128,1.3333333333333333
90883.0,-0.6,0.7999999999999999,-0.1390576474687263,0.4279754323328191,1.3333333333333333
90934.0,-0.6,0.7999999999999999,-0.3640576474687263,0.2645033635316129,1.3333333333333333
90977.0,-0.6,0.7999999999999999,-0.1390576474687264,-0.4279754323328191,1.3333333333333333
91042.0,-0.6,0.7999999999999999,0.1390576474687263,0.4279754323328191,1.3333333333333333
91069.0,-0.6,0.7999999999999999,0.3640576474687263,-0.264503363531613,1.3333333333333333
91151.0,-0.6,0.7999999999999999,0.3640576474687264,0.2645033635316129,1.3333333333333333
91160.0,-0.6,0.7999999999999999,0.45,0.0,1.3333333333333333
91205.0,-0.6,0.7999999999999999,-0.45,5.51091059616309e-17,1.3333333333333333
91381.0,-0.6,0.7999999999999999,0.3640576474687264,0.2645033635316129,1.3333333333333333
91523.0,-0.6,0.7999999999999999,-0.1390576474687263,0.4279754323328191,1.3333333333333333
91542.0,-0.6,0.7999999999999999,0.1390576474687263,0.4279754323328191,1.3333333333333333
91920.0,-0.6,0.7999999999999999,0.45,0.0,1.3333333333333333
91926.0,-0.6,0.7999999999999999,-0.3640576474687264,-0.2645033635316128,1.3333333333333333
91971.0,-0.6,0.7999999999999999,0.3640576474687264,0.2645033635316129,1.3333333333333333
92407.0,-0.6,0.7999999999999999,-0.1390576474687264,-0.4279754323328191,1.3333333333333333
92552.0,-0.6,0.7999999999999999,0.1390576474687263,0.4279754323328191,1.3333333333333333
92593.0,-0.6,0.7999999999999999,-0.1390576474687263,0.4279754323328191,1.3333333333333333
92625.0,-0.6,0.7999999999999999,-0.45,5.51091059616309e-17,1.3333333333333333
92629.0,-0.6,0.7999999999999999,0.3640576474687263,-0.264503363531613,1.3333333333333333
92717.0,-0.6,0.7999999999999999,-0.1390576474687264,-0.4279754323328191,1.3333333333333333
92744.0,-0.6,0.7999999999999999,-0.3640576474687263,0.2645033635316129,1.3333333333333333
92749.0,-0.6,0.7999999999999999,0.3640576474687263,-0.264503363531613,1.3333333333333333
92928.0,-0.6,0.7999999999999999,0.1390576474687262,-0.4279754323328191,1.3333333333333333
93069.0,-0.6,0.7999999999999999,0.3640576474687263,-0.264503363531613,1.3333333333333333
93122.0,-0.6,0.7999999999999999,0.1390576474687263,0.4279754323328191,1.3333333333333333
93731.0,-0.6,0.7999999999999999,0.3640576474687264,0.2645033635316129,1.3333333333333333
93834.0,-0.6,0.7999999999999999,-0.3640576474687263,0.2645033635316129,1.3333333333333333
93867.0,-0.6,0.7999999999999999,-0.1390576474687264,-0.4279754323328191,1.3333333333333333
93889.0,-0.6,0.7999999999999999,0.3640576474687263,-0.264503363531613,1.3333333333333333
94165.0,-0.6,0.7999999999999999,-0.45,5.51091059616309e-17,1.3333333333333333
94321.0,-0.6,0.7999999999999999,0.3640576474687264,0.2645033635316129,1.3333333333333333
94562.0,-0.6,0.7999999999999999,0.1390576474687263,0.4279754323328191,1.3333333333333333
94650.0,-0.6,0.7999999999999999,0.45,0.0,1.3333333333333333
94671.0,-0.6,0.7999999999999999,0.3640576474687264,0.2645033635316129,1.3333333333333333
94684.0,-0.6,0.7999999999999999,-0.3640576474687263,0.2645033635316129,1.3333333333333333
94811.0,-0.6,0.7999999999999999,0.3640576474687264,0.2645033635316129,1.3333333333333333
94919.0,-0.6,0.7999999999999999,0.3640576474687263,-0.264503363531613,1.3333333333333333
94931.0,-0.6,0.7999999999999999,0.3640576474687264,0.2645033635316129,1.3333333333333333
95038.0,-0.6,0.7999999999999999,0.1390576474687262,-0.4279754323328191,1.3333333333333333
95075.0,-0.6,0.7999999999999999,-0.45,5.51091059616309e-17,1.3333333333333333
95082.0,-0.6,0.7999999999999999,0.1390576474687263,0.4279754323328191,1.3333333333333333
95098.0,-0.6,0.7999999999999999,0.1390576474687262,-0.4279754323328191,1.3333333333333333
95164.0,-0.6,0.7999999999999999,-0.3640576474687263,0.2645033635316129,1.3333333333333333
95176.0,-0.6,0.7999999999999999,-0.3640576474687264,-0.2645033635316128,1.3333333333333333
95193.0,-0.6,0.7999999999999999,-0.1390576474687263,0.4279754323328191,1.3333333333333333
95233.0,-0.6,0.7999999999999999,-0.1390576474687263,0.4279754323328191,1.3333333333333333
95290.0,-0.6,0.7999999999999999,0.45,0.0,1.3333333333333333
95568.0,-0.6,0.7999999999999999,0.1390576474687262,-0.4279754323328191,1.3333333333333333
95605.0,-0.6,0.7999999999999999,-0.45,5.51091059616309e-17,1.3333333333333333
95680.0,-0.6,0.7999999999999999,0.45,0.0,1.3333333333333333
95692.0,-0.6,0.7999999999999999,0.1390576474687263,0.4279754323328191,1.3333333333333333
95772.0,-0.6,0.7999999999999999,0.1390576474687263,0.4279754323328191,1.3333333333333333
95780.0,-0.6,0.7999999999999999,0.45,0.0,1.3333333333333333
96049.0,-0.6,0.7999999999999999,0.3640576474687263,-0.264503363531613,1.3333333333333333
96109.0,-0.6,0.7999999999999999,0.3640576474687263,-0.264503363531613,1.3333333333333333
96224.0,-0.6,0.7999999999999999,-0.3640576474687263,0.2645033635316129,1.3333333333333333
96329.0,-0.6,0.7999999999999999,0.3640576474687263,-0.264503363531613,1.3333333333333333
96347.0,-0.6,0.7999999999999999,-0.1390576474687264,-0.4279754323328191,1.3333333333333333
96677.0,-0.6,0.7999999999999999,-0.1390576474687264,-0.4279754323328191,1.3333333333333333
96851.0,-0.6,0.7999999999999999,0.3640576474687264,0.2645033635316129,1.3333333333333333
96885.0,-0.6,0.7999999999999999,-0.45,5.51091059616309e-17,1.3333333333333333
96960.0,-0.6,0.7999999999999999,0.45,0.0,1.3333333333333333
96973.0,-0.6,0.7999999999999999,-0.1390576474687263,0.4279754323328191,1.3333333333333333
97103.0,-0.6,0.7999999999999999,-0.1390576474687263,0.4279754323328191,1.3333333333333333
97111.0,-0.6,0.7999999999999999,0.3640576474687264,0.2645033635316129,1.3333333333333333
97171.0,-0.6,0.7999999999999999,0.3640576474687264,0.2645033635316129,1.3333333333333333
97240.0,-0.6,0.7999999999999999,0.45,0.0,1.3333333333333333
97263.0,-0.6,0.7999999999999999,-0.1390576474687263,0.4279754323328191,1.3333333333333333
97331.0,-0.6,0.7999999999999999,0.3640576474687264,0.2645033635316129,1.3333333333333333
97340.0,-0.6,0.7999999999999999,0.45,0.0,1.3333333333333333
97572.0,-0.6,0.7999999999999999,0.1390576474687263,0.4279754323328191,1.3333333333333333
97705.0,-0.6,0.7999999999999999,-0.45,5.51091059616309e-17,1.3333333333333333
97719.0,-0.6,0.7999999999999999,0.3640576474687263,-0.264503363531613,1.3333333333333333
97727.0,-0.6,0.7999999999999999,-0.1390576474687264,-0.4279754323328191,1.3333333333333333
97845.0,-0.6,0.7999999999999999,-0.45,5.51091059616309e-17,1.3333333333333333
97896.0,-0.6,0.7999999999999999,-0.3640576474687264,-0.2645033635316128,1.3333333333333333
97979.0,-0.6,0.7999999999999999,0.3640576474687263,-0.264503363531613,1.3333333333333333
98027.0,-0.6,0.7999999999999999,-0.1390576474687264,-0.4279754323328191,1.3333333333333333
98057.0,-0.6,0.7999999999999999,-0.1390576474687264,-0.4279754323328191,1.3333333333333333
98100.0,-0.6,0.7999999999999999,0.45,0.0,1.3333333333333333
98201.0,-0.6,0.7999999999999999,0.3640576474687264,0.2645033635316129,1.3333333333333333
98277.0,-0.6,0.7999999999999999,-0.1390576474687264,-0.4279754323328191,1.3333333333333333
98556.0,-0.6,0.7999999999999999,-0.3640576474687264,-0.2645033635316128,1.3333333333333333
98898.0,-0.6,0.7999999999999999,0.1390576474687262,-0.4279754323328191,1.3333333333333333
98916.0,-0.6,0.7999999999999999,-0.3640576474687264,-0.2645033635316128,1.3333333333333333
98990.0,-0.6,0.7999999999999999,0.45,0.0,1.3333333333333333
99198.0,-0.6,0.7999999999999999,0.1390576474687262,-0.4279754323328191,1.3333333333333333
99233.0,-0.6,0.7999999999999999,-0.1390576474687263,0.4279754323328191,1.3333333333333333
99418.0,-0.6,0.7999999999999999,0.1390576474687262,-0.4279754323328191,1.3333333333333333
99464.0,-0.6,0.7999999999999999,-0.3640576474687263,0.2645033635316129,1.3333333333333333
99540.0,-0.6,0.7999999999999999,0.45,0.0,1.3333333333333333
99714.0,-0.6,0.7999999999999999,-0.3640576474687263,0.2645033635316129,1.3333333333333333
99737.0,-0.6,0.7999999999999999,-0.1390576474687264,-0.4279754323328191,1.3333333333333333
99768.0,-0.6,0.7999999999999999,0.1390576474687262,-0.4279754323328191,1.3333333333333333
99776.0,-0.6,0.7999999999999999,-0.3640576474687264,-0.2645033635316128,1.3333333333333333
99786.0,-0.6,0.7999999999999999,-0.3640576474687264,-0.2645033635316128,1.3333333333333333
99811.0,-0.6,0.7999999999999999,0.3640576474687264,0.2645033635316129,1.3333333333333333
99869.0,-0.6,0.7999999999999999,0.3640576474687263,-0.264503363531613,1.3333333333333333
99966.0,-0.6,0.7999999999999999,-0.3640576474687264,-0.2645033635316128,1.3333333333333333
